--------------------------------------------------------
--  파일이 생성됨 - 목요일-4월-23-2020   
--------------------------------------------------------
--------------------------------------------------------
--  DDL for Table ADMIN_TBL
--------------------------------------------------------

  CREATE TABLE "USER"."ADMIN_TBL" 
   (	"ADMIN_ID" VARCHAR2(15 BYTE), 
	"ADMIN_PW" VARCHAR2(60 BYTE), 
	"ADMIN_NAME" VARCHAR2(15 BYTE), 
	"ADMIN_DATE_LATE" DATE DEFAULT SYSDATE
   ) SEGMENT CREATION IMMEDIATE 
  PCTFREE 10 PCTUSED 40 INITRANS 1 MAXTRANS 255 NOCOMPRESS LOGGING
  STORAGE(INITIAL 65536 NEXT 1048576 MINEXTENTS 1 MAXEXTENTS 2147483645
  PCTINCREASE 0 FREELISTS 1 FREELIST GROUPS 1 BUFFER_POOL DEFAULT FLASH_CACHE DEFAULT CELL_FLASH_CACHE DEFAULT)
  TABLESPACE "SSOMALL" ;
--------------------------------------------------------
--  DDL for Table BOARD_TBL
--------------------------------------------------------

  CREATE TABLE "USER"."BOARD_TBL" 
   (	"BRD_NUM" NUMBER, 
	"MEM_ID" VARCHAR2(15 BYTE), 
	"BRD_TITLE" VARCHAR2(100 BYTE), 
	"BRD_CONTENT" VARCHAR2(4000 BYTE), 
	"BRD_DATE_REG" DATE DEFAULT SYSDATE, 
	"BRD_GROUP" NUMBER, 
	"BRD_ORDER" NUMBER, 
	"BRD_LEVEL" NUMBER, 
	"BRD_COUNT" NUMBER DEFAULT 0, 
	"BRD_IS_DEL" CHAR(1 BYTE) DEFAULT 'N'
   ) SEGMENT CREATION IMMEDIATE 
  PCTFREE 10 PCTUSED 40 INITRANS 1 MAXTRANS 255 NOCOMPRESS LOGGING
  STORAGE(INITIAL 65536 NEXT 1048576 MINEXTENTS 1 MAXEXTENTS 2147483645
  PCTINCREASE 0 FREELISTS 1 FREELIST GROUPS 1 BUFFER_POOL DEFAULT FLASH_CACHE DEFAULT CELL_FLASH_CACHE DEFAULT)
  TABLESPACE "SSOMALL" ;
--------------------------------------------------------
--  DDL for Table CART_TBL
--------------------------------------------------------

  CREATE TABLE "USER"."CART_TBL" 
   (	"CART_CODE" NUMBER, 
	"PDT_NUM" NUMBER, 
	"MEM_ID" VARCHAR2(15 BYTE), 
	"CART_AMOUNT" NUMBER
   ) SEGMENT CREATION IMMEDIATE 
  PCTFREE 10 PCTUSED 40 INITRANS 1 MAXTRANS 255 NOCOMPRESS LOGGING
  STORAGE(INITIAL 65536 NEXT 1048576 MINEXTENTS 1 MAXEXTENTS 2147483645
  PCTINCREASE 0 FREELISTS 1 FREELIST GROUPS 1 BUFFER_POOL DEFAULT FLASH_CACHE DEFAULT CELL_FLASH_CACHE DEFAULT)
  TABLESPACE "SSOMALL" ;
--------------------------------------------------------
--  DDL for Table CATEGORY_TBL
--------------------------------------------------------

  CREATE TABLE "USER"."CATEGORY_TBL" 
   (	"CG_CODE" VARCHAR2(20 BYTE), 
	"CG_CODE_PRT" VARCHAR2(20 BYTE), 
	"CG_NAME" VARCHAR2(50 BYTE)
   ) SEGMENT CREATION IMMEDIATE 
  PCTFREE 10 PCTUSED 40 INITRANS 1 MAXTRANS 255 NOCOMPRESS LOGGING
  STORAGE(INITIAL 65536 NEXT 1048576 MINEXTENTS 1 MAXEXTENTS 2147483645
  PCTINCREASE 0 FREELISTS 1 FREELIST GROUPS 1 BUFFER_POOL DEFAULT FLASH_CACHE DEFAULT CELL_FLASH_CACHE DEFAULT)
  TABLESPACE "SSOMALL" ;
--------------------------------------------------------
--  DDL for Table MEMBER_TBL
--------------------------------------------------------

  CREATE TABLE "USER"."MEMBER_TBL" 
   (	"MEM_ID" VARCHAR2(15 BYTE), 
	"MEM_NAME" VARCHAR2(30 BYTE), 
	"MEM_PW" VARCHAR2(60 BYTE), 
	"MEM_EMAIL" VARCHAR2(50 BYTE), 
	"MEM_ZIPCODE" CHAR(5 BYTE), 
	"MEM_ADDR" VARCHAR2(100 BYTE), 
	"MEM_ADDR_D" VARCHAR2(100 BYTE), 
	"MEM_PHONE" VARCHAR2(15 BYTE), 
	"MEM_NICK" VARCHAR2(20 BYTE), 
	"MEM_ACCEPT_E" CHAR(1 BYTE), 
	"MEM_POINT" NUMBER DEFAULT 0, 
	"MEM_DATE_SUB" DATE DEFAULT SYSDATE, 
	"MEM_DATE_UP" DATE DEFAULT SYSDATE, 
	"MEM_DATE_LAST" DATE DEFAULT SYSDATE, 
	"MEM_AUTHCODE" CHAR(1 BYTE) DEFAULT 'Y', 
	"MEM_SESSION_KEY" VARCHAR2(50 BYTE) DEFAULT 'none', 
	"MEM_SESSION_LIMIT" TIMESTAMP (6)
   ) SEGMENT CREATION IMMEDIATE 
  PCTFREE 10 PCTUSED 40 INITRANS 1 MAXTRANS 255 NOCOMPRESS LOGGING
  STORAGE(INITIAL 65536 NEXT 1048576 MINEXTENTS 1 MAXEXTENTS 2147483645
  PCTINCREASE 0 FREELISTS 1 FREELIST GROUPS 1 BUFFER_POOL DEFAULT FLASH_CACHE DEFAULT CELL_FLASH_CACHE DEFAULT)
  TABLESPACE "SSOMALL" ;
--------------------------------------------------------
--  DDL for Table ORDER_DETAIL_TBL
--------------------------------------------------------

  CREATE TABLE "USER"."ORDER_DETAIL_TBL" 
   (	"ODR_CODE" NUMBER, 
	"PDT_NUM" NUMBER, 
	"ODR_AMOUNT" NUMBER, 
	"ODR_PRICE" NUMBER, 
	"ODR_STATUS" NUMBER DEFAULT 1
   ) SEGMENT CREATION IMMEDIATE 
  PCTFREE 10 PCTUSED 40 INITRANS 1 MAXTRANS 255 NOCOMPRESS LOGGING
  STORAGE(INITIAL 65536 NEXT 1048576 MINEXTENTS 1 MAXEXTENTS 2147483645
  PCTINCREASE 0 FREELISTS 1 FREELIST GROUPS 1 BUFFER_POOL DEFAULT FLASH_CACHE DEFAULT CELL_FLASH_CACHE DEFAULT)
  TABLESPACE "SSOMALL" ;
--------------------------------------------------------
--  DDL for Table ORDER_TBL
--------------------------------------------------------

  CREATE TABLE "USER"."ORDER_TBL" 
   (	"ODR_CODE" NUMBER, 
	"MEM_ID" VARCHAR2(15 BYTE), 
	"ODR_NAME" VARCHAR2(30 BYTE), 
	"ODR_ZIPCODE" CHAR(5 BYTE), 
	"ODR_ADDR" VARCHAR2(50 BYTE), 
	"ODR_ADDR_D" VARCHAR2(50 BYTE), 
	"ODR_PHONE" VARCHAR2(20 BYTE), 
	"ODR_TOTAL_PRICE" NUMBER, 
	"ODR_DATE" DATE DEFAULT SYSDATE
   ) SEGMENT CREATION IMMEDIATE 
  PCTFREE 10 PCTUSED 40 INITRANS 1 MAXTRANS 255 NOCOMPRESS LOGGING
  STORAGE(INITIAL 65536 NEXT 1048576 MINEXTENTS 1 MAXEXTENTS 2147483645
  PCTINCREASE 0 FREELISTS 1 FREELIST GROUPS 1 BUFFER_POOL DEFAULT FLASH_CACHE DEFAULT CELL_FLASH_CACHE DEFAULT)
  TABLESPACE "SSOMALL" ;
--------------------------------------------------------
--  DDL for Table PRODUCT_TBL
--------------------------------------------------------

  CREATE TABLE "USER"."PRODUCT_TBL" 
   (	"PDT_NUM" NUMBER, 
	"CG_CODE" VARCHAR2(20 BYTE), 
	"PDT_NAME" VARCHAR2(50 BYTE), 
	"PDT_PRICE" NUMBER, 
	"PDT_DISCOUNT" NUMBER, 
	"PDT_COMPANY" VARCHAR2(30 BYTE), 
	"PDT_DETAIL" VARCHAR2(4000 BYTE), 
	"PDT_IMG" VARCHAR2(200 BYTE), 
	"PDT_AMOUNT" NUMBER, 
	"PDT_BUY" CHAR(1 BYTE), 
	"PDT_DATE_SUB" DATE DEFAULT NULL, 
	"PDT_DATE_UP" DATE DEFAULT sysdate
   ) SEGMENT CREATION IMMEDIATE 
  PCTFREE 10 PCTUSED 40 INITRANS 1 MAXTRANS 255 NOCOMPRESS LOGGING
  STORAGE(INITIAL 65536 NEXT 1048576 MINEXTENTS 1 MAXEXTENTS 2147483645
  PCTINCREASE 0 FREELISTS 1 FREELIST GROUPS 1 BUFFER_POOL DEFAULT FLASH_CACHE DEFAULT CELL_FLASH_CACHE DEFAULT)
  TABLESPACE "SSOMALL" ;
--------------------------------------------------------
--  DDL for Table REVIEW_TBL
--------------------------------------------------------

  CREATE TABLE "USER"."REVIEW_TBL" 
   (	"RV_NUM" NUMBER, 
	"MEM_ID" VARCHAR2(15 BYTE), 
	"PDT_NUM" NUMBER, 
	"RV_CONTENT" VARCHAR2(200 BYTE), 
	"RV_SCORE" NUMBER, 
	"RV_DATE_REG" DATE DEFAULT SYSDATE
   ) SEGMENT CREATION IMMEDIATE 
  PCTFREE 10 PCTUSED 40 INITRANS 1 MAXTRANS 255 NOCOMPRESS LOGGING
  STORAGE(INITIAL 65536 NEXT 1048576 MINEXTENTS 1 MAXEXTENTS 2147483645
  PCTINCREASE 0 FREELISTS 1 FREELIST GROUPS 1 BUFFER_POOL DEFAULT FLASH_CACHE DEFAULT CELL_FLASH_CACHE DEFAULT)
  TABLESPACE "SSOMALL" ;
REM INSERTING into "USER".ADMIN_TBL
SET DEFINE OFF;
Insert into "USER".ADMIN_TBL (ADMIN_ID,ADMIN_PW,ADMIN_NAME,ADMIN_DATE_LATE) values ('tester','$2a$10$O6Mx69SYOLw.h3uMlR1gUO3smlnCguyeAtFTMm8LqSB0SfUP5fI5m','tester',to_date('2020/04/23 14:19:37','YYYY/MM/DD HH24:MI:SS'));
REM INSERTING into "USER".BOARD_TBL
SET DEFINE OFF;
Insert into "USER".BOARD_TBL (BRD_NUM,MEM_ID,BRD_TITLE,BRD_CONTENT,BRD_DATE_REG,BRD_GROUP,BRD_ORDER,BRD_LEVEL,BRD_COUNT,BRD_IS_DEL) values (14,'tester','RE','reply',to_date('2020/04/14 10:52:49','YYYY/MM/DD HH24:MI:SS'),5,10,3,0,'N');
Insert into "USER".BOARD_TBL (BRD_NUM,MEM_ID,BRD_TITLE,BRD_CONTENT,BRD_DATE_REG,BRD_GROUP,BRD_ORDER,BRD_LEVEL,BRD_COUNT,BRD_IS_DEL) values (12,'tester','댓글 테스트','댓글입니다',to_date('2020/04/14 10:42:45','YYYY/MM/DD HH24:MI:SS'),5,8,2,5,'N');
Insert into "USER".BOARD_TBL (BRD_NUM,MEM_ID,BRD_TITLE,BRD_CONTENT,BRD_DATE_REG,BRD_GROUP,BRD_ORDER,BRD_LEVEL,BRD_COUNT,BRD_IS_DEL) values (20,'tester','RERE','RERE',to_date('2020/04/14 11:28:13','YYYY/MM/DD HH24:MI:SS'),5,6,4,0,'Y');
Insert into "USER".BOARD_TBL (BRD_NUM,MEM_ID,BRD_TITLE,BRD_CONTENT,BRD_DATE_REG,BRD_GROUP,BRD_ORDER,BRD_LEVEL,BRD_COUNT,BRD_IS_DEL) values (16,'tester','RE2','reply2',to_date('2020/04/14 10:53:20','YYYY/MM/DD HH24:MI:SS'),5,5,3,2,'Y');
Insert into "USER".BOARD_TBL (BRD_NUM,MEM_ID,BRD_TITLE,BRD_CONTENT,BRD_DATE_REG,BRD_GROUP,BRD_ORDER,BRD_LEVEL,BRD_COUNT,BRD_IS_DEL) values (18,'tester','[공지]새로운 공지입니다.','공지사항입니다.',to_date('2020/04/14 11:00:38','YYYY/MM/DD HH24:MI:SS'),0,0,0,4,'N');
Insert into "USER".BOARD_TBL (BRD_NUM,MEM_ID,BRD_TITLE,BRD_CONTENT,BRD_DATE_REG,BRD_GROUP,BRD_ORDER,BRD_LEVEL,BRD_COUNT,BRD_IS_DEL) values (19,'tester','[공지]새로운 공지2입니다.','공지사항입니다.',to_date('2020/04/14 11:00:48','YYYY/MM/DD HH24:MI:SS'),0,0,0,13,'N');
Insert into "USER".BOARD_TBL (BRD_NUM,MEM_ID,BRD_TITLE,BRD_CONTENT,BRD_DATE_REG,BRD_GROUP,BRD_ORDER,BRD_LEVEL,BRD_COUNT,BRD_IS_DEL) values (23,'tester','RE2','RERE',to_date('2020/04/14 11:28:47','YYYY/MM/DD HH24:MI:SS'),5,9,3,0,'N');
Insert into "USER".BOARD_TBL (BRD_NUM,MEM_ID,BRD_TITLE,BRD_CONTENT,BRD_DATE_REG,BRD_GROUP,BRD_ORDER,BRD_LEVEL,BRD_COUNT,BRD_IS_DEL) values (28,'tester','공지사항테스트입니다','테스트',to_date('2020/04/15 12:04:08','YYYY/MM/DD HH24:MI:SS'),0,0,0,1,'N');
Insert into "USER".BOARD_TBL (BRD_NUM,MEM_ID,BRD_TITLE,BRD_CONTENT,BRD_DATE_REG,BRD_GROUP,BRD_ORDER,BRD_LEVEL,BRD_COUNT,BRD_IS_DEL) values (3,'tester','테스트 글3','테스트 글 3입니다.',to_date('2020/04/13 16:56:08','YYYY/MM/DD HH24:MI:SS'),3,1,1,10,'N');
Insert into "USER".BOARD_TBL (BRD_NUM,MEM_ID,BRD_TITLE,BRD_CONTENT,BRD_DATE_REG,BRD_GROUP,BRD_ORDER,BRD_LEVEL,BRD_COUNT,BRD_IS_DEL) values (4,'tester','테스트 글33','테스트',to_date('2020/04/13 17:40:10','YYYY/MM/DD HH24:MI:SS'),4,1,1,5,'N');
Insert into "USER".BOARD_TBL (BRD_NUM,MEM_ID,BRD_TITLE,BRD_CONTENT,BRD_DATE_REG,BRD_GROUP,BRD_ORDER,BRD_LEVEL,BRD_COUNT,BRD_IS_DEL) values (5,'user01','테스트 글4','ㄴㄻㄴ호',to_date('2020/04/13 17:41:29','YYYY/MM/DD HH24:MI:SS'),5,1,1,37,'N');
Insert into "USER".BOARD_TBL (BRD_NUM,MEM_ID,BRD_TITLE,BRD_CONTENT,BRD_DATE_REG,BRD_GROUP,BRD_ORDER,BRD_LEVEL,BRD_COUNT,BRD_IS_DEL) values (17,'tester','RE','RERE',to_date('2020/04/14 10:53:42','YYYY/MM/DD HH24:MI:SS'),3,2,2,0,'N');
Insert into "USER".BOARD_TBL (BRD_NUM,MEM_ID,BRD_TITLE,BRD_CONTENT,BRD_DATE_REG,BRD_GROUP,BRD_ORDER,BRD_LEVEL,BRD_COUNT,BRD_IS_DEL) values (21,'tester','RE','RERE',to_date('2020/04/14 11:28:23','YYYY/MM/DD HH24:MI:SS'),5,4,3,0,'N');
Insert into "USER".BOARD_TBL (BRD_NUM,MEM_ID,BRD_TITLE,BRD_CONTENT,BRD_DATE_REG,BRD_GROUP,BRD_ORDER,BRD_LEVEL,BRD_COUNT,BRD_IS_DEL) values (11,'tester','테스트 글 5','테스트',to_date('2020/04/14 10:42:26','YYYY/MM/DD HH24:MI:SS'),11,1,1,5,'N');
Insert into "USER".BOARD_TBL (BRD_NUM,MEM_ID,BRD_TITLE,BRD_CONTENT,BRD_DATE_REG,BRD_GROUP,BRD_ORDER,BRD_LEVEL,BRD_COUNT,BRD_IS_DEL) values (2,'tester','테스트 글2','테스트 글2 입니다 ',to_date('2020/04/13 16:54:15','YYYY/MM/DD HH24:MI:SS'),2,1,1,2,'N');
Insert into "USER".BOARD_TBL (BRD_NUM,MEM_ID,BRD_TITLE,BRD_CONTENT,BRD_DATE_REG,BRD_GROUP,BRD_ORDER,BRD_LEVEL,BRD_COUNT,BRD_IS_DEL) values (13,'tester','댓글2','테스트',to_date('2020/04/14 10:52:33','YYYY/MM/DD HH24:MI:SS'),5,3,2,4,'N');
Insert into "USER".BOARD_TBL (BRD_NUM,MEM_ID,BRD_TITLE,BRD_CONTENT,BRD_DATE_REG,BRD_GROUP,BRD_ORDER,BRD_LEVEL,BRD_COUNT,BRD_IS_DEL) values (22,'tester','RE','RE',to_date('2020/04/14 11:28:35','YYYY/MM/DD HH24:MI:SS'),5,2,2,0,'N');
Insert into "USER".BOARD_TBL (BRD_NUM,MEM_ID,BRD_TITLE,BRD_CONTENT,BRD_DATE_REG,BRD_GROUP,BRD_ORDER,BRD_LEVEL,BRD_COUNT,BRD_IS_DEL) values (24,'tester','[공지] NEW','새로운 공지입니다 :)',to_date('2020/04/15 11:24:05','YYYY/MM/DD HH24:MI:SS'),0,0,0,1,'N');
Insert into "USER".BOARD_TBL (BRD_NUM,MEM_ID,BRD_TITLE,BRD_CONTENT,BRD_DATE_REG,BRD_GROUP,BRD_ORDER,BRD_LEVEL,BRD_COUNT,BRD_IS_DEL) values (25,'tester','[공지] NEW 공지입니다','테스트 공지',to_date('2020/04/15 11:28:06','YYYY/MM/DD HH24:MI:SS'),0,0,0,4,'N');
Insert into "USER".BOARD_TBL (BRD_NUM,MEM_ID,BRD_TITLE,BRD_CONTENT,BRD_DATE_REG,BRD_GROUP,BRD_ORDER,BRD_LEVEL,BRD_COUNT,BRD_IS_DEL) values (29,'tester','공지사항 테스트2','테스트2',to_date('2020/04/15 12:04:22','YYYY/MM/DD HH24:MI:SS'),0,0,0,3,'N');
Insert into "USER".BOARD_TBL (BRD_NUM,MEM_ID,BRD_TITLE,BRD_CONTENT,BRD_DATE_REG,BRD_GROUP,BRD_ORDER,BRD_LEVEL,BRD_COUNT,BRD_IS_DEL) values (27,'tester','[공지] 6번째공지입니다','6번째 공지 업로드',to_date('2020/04/15 11:51:28','YYYY/MM/DD HH24:MI:SS'),0,0,0,1,'N');
REM INSERTING into "USER".CART_TBL
SET DEFINE OFF;
REM INSERTING into "USER".CATEGORY_TBL
SET DEFINE OFF;
Insert into "USER".CATEGORY_TBL (CG_CODE,CG_CODE_PRT,CG_NAME) values ('1',null,'TOP');
Insert into "USER".CATEGORY_TBL (CG_CODE,CG_CODE_PRT,CG_NAME) values ('2',null,'PANTS');
Insert into "USER".CATEGORY_TBL (CG_CODE,CG_CODE_PRT,CG_NAME) values ('3',null,'SHIRTS');
Insert into "USER".CATEGORY_TBL (CG_CODE,CG_CODE_PRT,CG_NAME) values ('4',null,'OUTER');
Insert into "USER".CATEGORY_TBL (CG_CODE,CG_CODE_PRT,CG_NAME) values ('5',null,'SHOES');
Insert into "USER".CATEGORY_TBL (CG_CODE,CG_CODE_PRT,CG_NAME) values ('6',null,'BAG');
Insert into "USER".CATEGORY_TBL (CG_CODE,CG_CODE_PRT,CG_NAME) values ('7',null,'ACC');
Insert into "USER".CATEGORY_TBL (CG_CODE,CG_CODE_PRT,CG_NAME) values ('8','1','긴팔티');
Insert into "USER".CATEGORY_TBL (CG_CODE,CG_CODE_PRT,CG_NAME) values ('9','1','니트');
Insert into "USER".CATEGORY_TBL (CG_CODE,CG_CODE_PRT,CG_NAME) values ('10','1','맨투맨/후드티');
Insert into "USER".CATEGORY_TBL (CG_CODE,CG_CODE_PRT,CG_NAME) values ('11','1','프린팅티');
Insert into "USER".CATEGORY_TBL (CG_CODE,CG_CODE_PRT,CG_NAME) values ('12','1','나시');
Insert into "USER".CATEGORY_TBL (CG_CODE,CG_CODE_PRT,CG_NAME) values ('13','1','반팔티/7부티');
Insert into "USER".CATEGORY_TBL (CG_CODE,CG_CODE_PRT,CG_NAME) values ('14','2','밴딩팬츠');
Insert into "USER".CATEGORY_TBL (CG_CODE,CG_CODE_PRT,CG_NAME) values ('15','2','청바지');
Insert into "USER".CATEGORY_TBL (CG_CODE,CG_CODE_PRT,CG_NAME) values ('16','2','슬랙스');
Insert into "USER".CATEGORY_TBL (CG_CODE,CG_CODE_PRT,CG_NAME) values ('17','2','면바지');
Insert into "USER".CATEGORY_TBL (CG_CODE,CG_CODE_PRT,CG_NAME) values ('18','2','반바지');
Insert into "USER".CATEGORY_TBL (CG_CODE,CG_CODE_PRT,CG_NAME) values ('19','3','헨리넥/차이나');
Insert into "USER".CATEGORY_TBL (CG_CODE,CG_CODE_PRT,CG_NAME) values ('20','3','베이직');
Insert into "USER".CATEGORY_TBL (CG_CODE,CG_CODE_PRT,CG_NAME) values ('21','3','체크/패턴');
Insert into "USER".CATEGORY_TBL (CG_CODE,CG_CODE_PRT,CG_NAME) values ('22','3','청남방');
Insert into "USER".CATEGORY_TBL (CG_CODE,CG_CODE_PRT,CG_NAME) values ('23','3','스트라이프');
Insert into "USER".CATEGORY_TBL (CG_CODE,CG_CODE_PRT,CG_NAME) values ('24','4','패딩');
Insert into "USER".CATEGORY_TBL (CG_CODE,CG_CODE_PRT,CG_NAME) values ('25','4','코트');
Insert into "USER".CATEGORY_TBL (CG_CODE,CG_CODE_PRT,CG_NAME) values ('26','4','수트/블레이져');
Insert into "USER".CATEGORY_TBL (CG_CODE,CG_CODE_PRT,CG_NAME) values ('27','4','자켓');
Insert into "USER".CATEGORY_TBL (CG_CODE,CG_CODE_PRT,CG_NAME) values ('28','4','블루종/MA-1');
Insert into "USER".CATEGORY_TBL (CG_CODE,CG_CODE_PRT,CG_NAME) values ('29','4','가디건/조끼');
Insert into "USER".CATEGORY_TBL (CG_CODE,CG_CODE_PRT,CG_NAME) values ('30','4','후드/집업');
Insert into "USER".CATEGORY_TBL (CG_CODE,CG_CODE_PRT,CG_NAME) values ('31','5','스니커즈');
Insert into "USER".CATEGORY_TBL (CG_CODE,CG_CODE_PRT,CG_NAME) values ('32','5','로퍼/구두');
Insert into "USER".CATEGORY_TBL (CG_CODE,CG_CODE_PRT,CG_NAME) values ('33','5','키높이신발/깔창');
Insert into "USER".CATEGORY_TBL (CG_CODE,CG_CODE_PRT,CG_NAME) values ('34','5','슬리퍼/쪼리/샌들');
Insert into "USER".CATEGORY_TBL (CG_CODE,CG_CODE_PRT,CG_NAME) values ('35','6','백팩');
Insert into "USER".CATEGORY_TBL (CG_CODE,CG_CODE_PRT,CG_NAME) values ('36','6','토트/숄더백');
Insert into "USER".CATEGORY_TBL (CG_CODE,CG_CODE_PRT,CG_NAME) values ('37','6','크로스백');
Insert into "USER".CATEGORY_TBL (CG_CODE,CG_CODE_PRT,CG_NAME) values ('38','6','클러치');
Insert into "USER".CATEGORY_TBL (CG_CODE,CG_CODE_PRT,CG_NAME) values ('39','7','양말/넥타이');
Insert into "USER".CATEGORY_TBL (CG_CODE,CG_CODE_PRT,CG_NAME) values ('40','7','모자');
Insert into "USER".CATEGORY_TBL (CG_CODE,CG_CODE_PRT,CG_NAME) values ('41','7','머플러/장갑');
Insert into "USER".CATEGORY_TBL (CG_CODE,CG_CODE_PRT,CG_NAME) values ('42','7','아이웨어');
Insert into "USER".CATEGORY_TBL (CG_CODE,CG_CODE_PRT,CG_NAME) values ('43','7','벨트/시계');
Insert into "USER".CATEGORY_TBL (CG_CODE,CG_CODE_PRT,CG_NAME) values ('44','7','기타');
REM INSERTING into "USER".MEMBER_TBL
SET DEFINE OFF;
Insert into "USER".MEMBER_TBL (MEM_ID,MEM_NAME,MEM_PW,MEM_EMAIL,MEM_ZIPCODE,MEM_ADDR,MEM_ADDR_D,MEM_PHONE,MEM_NICK,MEM_ACCEPT_E,MEM_POINT,MEM_DATE_SUB,MEM_DATE_UP,MEM_DATE_LAST,MEM_AUTHCODE,MEM_SESSION_KEY,MEM_SESSION_LIMIT) values ('tester','tester','$2a$10$e3eQQU8RWHfbD95aXeRURuVhNAI6xo.yVY3I6h5DpTdlYjAvHV78.','tester@naver.com','06267','서울 강남구 강남대로 238','111-1111','010-111-1111','testerrr','N',10,to_date('2020/03/20 13:10:21','YYYY/MM/DD HH24:MI:SS'),to_date('2020/03/23 14:40:16','YYYY/MM/DD HH24:MI:SS'),to_date('2020/04/23 14:19:25','YYYY/MM/DD HH24:MI:SS'),'Y','none',to_timestamp('20/04/07 15:20:49.883000000','RR/MM/DD HH24:MI:SSXFF'));
Insert into "USER".MEMBER_TBL (MEM_ID,MEM_NAME,MEM_PW,MEM_EMAIL,MEM_ZIPCODE,MEM_ADDR,MEM_ADDR_D,MEM_PHONE,MEM_NICK,MEM_ACCEPT_E,MEM_POINT,MEM_DATE_SUB,MEM_DATE_UP,MEM_DATE_LAST,MEM_AUTHCODE,MEM_SESSION_KEY,MEM_SESSION_LIMIT) values ('sso','sso','$2a$10$oqolsfQYaWTv7x0gY.7b4.fN0HX0qx4JJWYwFZgBPwqqckp/nLQv.','1234@naver.com','01899','서울특별시 마포','123','111-1111','sso','Y',0,to_date('2020/03/20 15:21:08','YYYY/MM/DD HH24:MI:SS'),to_date('2020/03/20 15:21:08','YYYY/MM/DD HH24:MI:SS'),to_date('2020/04/20 16:31:48','YYYY/MM/DD HH24:MI:SS'),'Y','none',null);
Insert into "USER".MEMBER_TBL (MEM_ID,MEM_NAME,MEM_PW,MEM_EMAIL,MEM_ZIPCODE,MEM_ADDR,MEM_ADDR_D,MEM_PHONE,MEM_NICK,MEM_ACCEPT_E,MEM_POINT,MEM_DATE_SUB,MEM_DATE_UP,MEM_DATE_LAST,MEM_AUTHCODE,MEM_SESSION_KEY,MEM_SESSION_LIMIT) values ('user0','사용자0','$2a$10$e3eQQU8RWHfbD95aXeRURuVhNAI6xo.yVY3I6h5DpTdlYjAvHV78.','aaa@email.com','11111','서울특별시 노원구','456','111-4567-4567','사용자0','Y',0,to_date('2020/04/03 12:12:13','YYYY/MM/DD HH24:MI:SS'),to_date('2020/04/03 12:12:13','YYYY/MM/DD HH24:MI:SS'),to_date('2020/04/20 16:36:05','YYYY/MM/DD HH24:MI:SS'),'Y','none',null);
Insert into "USER".MEMBER_TBL (MEM_ID,MEM_NAME,MEM_PW,MEM_EMAIL,MEM_ZIPCODE,MEM_ADDR,MEM_ADDR_D,MEM_PHONE,MEM_NICK,MEM_ACCEPT_E,MEM_POINT,MEM_DATE_SUB,MEM_DATE_UP,MEM_DATE_LAST,MEM_AUTHCODE,MEM_SESSION_KEY,MEM_SESSION_LIMIT) values ('user1','사용자1','$2a$10$e3eQQU8RWHfbD95aXeRURuVhNAI6xo.yVY3I6h5DpTdlYjAvHV78.','bbb@email.com','11111','서울특별시 노원구','456','111-4567-4567','사용자1','Y',0,to_date('2020/04/03 12:12:13','YYYY/MM/DD HH24:MI:SS'),to_date('2020/04/03 12:12:13','YYYY/MM/DD HH24:MI:SS'),to_date('2020/04/03 12:12:13','YYYY/MM/DD HH24:MI:SS'),'Y','none',null);
Insert into "USER".MEMBER_TBL (MEM_ID,MEM_NAME,MEM_PW,MEM_EMAIL,MEM_ZIPCODE,MEM_ADDR,MEM_ADDR_D,MEM_PHONE,MEM_NICK,MEM_ACCEPT_E,MEM_POINT,MEM_DATE_SUB,MEM_DATE_UP,MEM_DATE_LAST,MEM_AUTHCODE,MEM_SESSION_KEY,MEM_SESSION_LIMIT) values ('user2','사용자2','$2a$10$e3eQQU8RWHfbD95aXeRURuVhNAI6xo.yVY3I6h5DpTdlYjAvHV78.','ccc@email.com','11111','서울특별시 노원구','456','111-4567-4567','사용자2','Y',0,to_date('2020/04/03 12:12:13','YYYY/MM/DD HH24:MI:SS'),to_date('2020/04/03 12:12:13','YYYY/MM/DD HH24:MI:SS'),to_date('2020/04/03 12:12:13','YYYY/MM/DD HH24:MI:SS'),'Y','none',null);
Insert into "USER".MEMBER_TBL (MEM_ID,MEM_NAME,MEM_PW,MEM_EMAIL,MEM_ZIPCODE,MEM_ADDR,MEM_ADDR_D,MEM_PHONE,MEM_NICK,MEM_ACCEPT_E,MEM_POINT,MEM_DATE_SUB,MEM_DATE_UP,MEM_DATE_LAST,MEM_AUTHCODE,MEM_SESSION_KEY,MEM_SESSION_LIMIT) values ('user3','사용자3','$2a$10$e3eQQU8RWHfbD95aXeRURuVhNAI6xo.yVY3I6h5DpTdlYjAvHV78.','ddd@email.com','11111','서울특별시 노원구','456','111-4567-4567','사용자3','Y',0,to_date('2020/04/03 12:12:13','YYYY/MM/DD HH24:MI:SS'),to_date('2020/04/03 12:12:13','YYYY/MM/DD HH24:MI:SS'),to_date('2020/04/03 12:12:13','YYYY/MM/DD HH24:MI:SS'),'Y','none',null);
Insert into "USER".MEMBER_TBL (MEM_ID,MEM_NAME,MEM_PW,MEM_EMAIL,MEM_ZIPCODE,MEM_ADDR,MEM_ADDR_D,MEM_PHONE,MEM_NICK,MEM_ACCEPT_E,MEM_POINT,MEM_DATE_SUB,MEM_DATE_UP,MEM_DATE_LAST,MEM_AUTHCODE,MEM_SESSION_KEY,MEM_SESSION_LIMIT) values ('user4','사용자4','$2a$10$e3eQQU8RWHfbD95aXeRURuVhNAI6xo.yVY3I6h5DpTdlYjAvHV78.','eee@email.com','11111','서울특별시 노원구','456','111-4567-4567','사용자4','Y',0,to_date('2020/04/03 12:12:13','YYYY/MM/DD HH24:MI:SS'),to_date('2020/04/03 12:12:13','YYYY/MM/DD HH24:MI:SS'),to_date('2020/04/03 12:12:13','YYYY/MM/DD HH24:MI:SS'),'Y','none',null);
Insert into "USER".MEMBER_TBL (MEM_ID,MEM_NAME,MEM_PW,MEM_EMAIL,MEM_ZIPCODE,MEM_ADDR,MEM_ADDR_D,MEM_PHONE,MEM_NICK,MEM_ACCEPT_E,MEM_POINT,MEM_DATE_SUB,MEM_DATE_UP,MEM_DATE_LAST,MEM_AUTHCODE,MEM_SESSION_KEY,MEM_SESSION_LIMIT) values ('user5','사용자5','$2a$10$e3eQQU8RWHfbD95aXeRURuVhNAI6xo.yVY3I6h5DpTdlYjAvHV78.','fff@email.com','11111','서울특별시 노원구','456','111-4567-4567','사용자5','Y',0,to_date('2020/04/03 12:12:13','YYYY/MM/DD HH24:MI:SS'),to_date('2020/04/03 12:12:13','YYYY/MM/DD HH24:MI:SS'),to_date('2020/04/03 12:12:13','YYYY/MM/DD HH24:MI:SS'),'Y','none',null);
Insert into "USER".MEMBER_TBL (MEM_ID,MEM_NAME,MEM_PW,MEM_EMAIL,MEM_ZIPCODE,MEM_ADDR,MEM_ADDR_D,MEM_PHONE,MEM_NICK,MEM_ACCEPT_E,MEM_POINT,MEM_DATE_SUB,MEM_DATE_UP,MEM_DATE_LAST,MEM_AUTHCODE,MEM_SESSION_KEY,MEM_SESSION_LIMIT) values ('user6','사용자6','$2a$10$Uru33Px.TzasvpJeMQr4DODAGGJJUAfjZcopRhyNZqwJ5ZoR5dh5G','user@naver.com','46751','부산 강서구 가락대로 197-1','123','111-1234','사용자','Y',0,to_date('2020/04/03 12:04:08','YYYY/MM/DD HH24:MI:SS'),to_date('2020/04/03 12:04:08','YYYY/MM/DD HH24:MI:SS'),to_date('2020/04/07 15:55:32','YYYY/MM/DD HH24:MI:SS'),'Y','none',null);
REM INSERTING into "USER".ORDER_DETAIL_TBL
SET DEFINE OFF;
Insert into "USER".ORDER_DETAIL_TBL (ODR_CODE,PDT_NUM,ODR_AMOUNT,ODR_PRICE,ODR_STATUS) values (64,221,5,10000,1);
Insert into "USER".ORDER_DETAIL_TBL (ODR_CODE,PDT_NUM,ODR_AMOUNT,ODR_PRICE,ODR_STATUS) values (25,213,2,10000,1);
Insert into "USER".ORDER_DETAIL_TBL (ODR_CODE,PDT_NUM,ODR_AMOUNT,ODR_PRICE,ODR_STATUS) values (61,179,1,10000,1);
Insert into "USER".ORDER_DETAIL_TBL (ODR_CODE,PDT_NUM,ODR_AMOUNT,ODR_PRICE,ODR_STATUS) values (62,213,1,10000,1);
Insert into "USER".ORDER_DETAIL_TBL (ODR_CODE,PDT_NUM,ODR_AMOUNT,ODR_PRICE,ODR_STATUS) values (65,222,6,10000,1);
Insert into "USER".ORDER_DETAIL_TBL (ODR_CODE,PDT_NUM,ODR_AMOUNT,ODR_PRICE,ODR_STATUS) values (66,187,1,10000,1);
Insert into "USER".ORDER_DETAIL_TBL (ODR_CODE,PDT_NUM,ODR_AMOUNT,ODR_PRICE,ODR_STATUS) values (68,163,1,10000,1);
Insert into "USER".ORDER_DETAIL_TBL (ODR_CODE,PDT_NUM,ODR_AMOUNT,ODR_PRICE,ODR_STATUS) values (69,181,2,10000,1);
Insert into "USER".ORDER_DETAIL_TBL (ODR_CODE,PDT_NUM,ODR_AMOUNT,ODR_PRICE,ODR_STATUS) values (75,198,5,10000,1);
Insert into "USER".ORDER_DETAIL_TBL (ODR_CODE,PDT_NUM,ODR_AMOUNT,ODR_PRICE,ODR_STATUS) values (77,175,1,10000,1);
Insert into "USER".ORDER_DETAIL_TBL (ODR_CODE,PDT_NUM,ODR_AMOUNT,ODR_PRICE,ODR_STATUS) values (80,221,3,10000,1);
Insert into "USER".ORDER_DETAIL_TBL (ODR_CODE,PDT_NUM,ODR_AMOUNT,ODR_PRICE,ODR_STATUS) values (13,241,3,55555,1);
Insert into "USER".ORDER_DETAIL_TBL (ODR_CODE,PDT_NUM,ODR_AMOUNT,ODR_PRICE,ODR_STATUS) values (81,201,1,10000,1);
Insert into "USER".ORDER_DETAIL_TBL (ODR_CODE,PDT_NUM,ODR_AMOUNT,ODR_PRICE,ODR_STATUS) values (82,214,2,10000,1);
Insert into "USER".ORDER_DETAIL_TBL (ODR_CODE,PDT_NUM,ODR_AMOUNT,ODR_PRICE,ODR_STATUS) values (84,193,2,10000,1);
Insert into "USER".ORDER_DETAIL_TBL (ODR_CODE,PDT_NUM,ODR_AMOUNT,ODR_PRICE,ODR_STATUS) values (17,222,10,10000,2);
Insert into "USER".ORDER_DETAIL_TBL (ODR_CODE,PDT_NUM,ODR_AMOUNT,ODR_PRICE,ODR_STATUS) values (14,222,1,10000,3);
Insert into "USER".ORDER_DETAIL_TBL (ODR_CODE,PDT_NUM,ODR_AMOUNT,ODR_PRICE,ODR_STATUS) values (15,241,10,55555,1);
Insert into "USER".ORDER_DETAIL_TBL (ODR_CODE,PDT_NUM,ODR_AMOUNT,ODR_PRICE,ODR_STATUS) values (41,221,1,10000,3);
Insert into "USER".ORDER_DETAIL_TBL (ODR_CODE,PDT_NUM,ODR_AMOUNT,ODR_PRICE,ODR_STATUS) values (62,216,1,10000,1);
Insert into "USER".ORDER_DETAIL_TBL (ODR_CODE,PDT_NUM,ODR_AMOUNT,ODR_PRICE,ODR_STATUS) values (62,191,1,10000,1);
Insert into "USER".ORDER_DETAIL_TBL (ODR_CODE,PDT_NUM,ODR_AMOUNT,ODR_PRICE,ODR_STATUS) values (63,190,3,10000,1);
Insert into "USER".ORDER_DETAIL_TBL (ODR_CODE,PDT_NUM,ODR_AMOUNT,ODR_PRICE,ODR_STATUS) values (71,180,1,10000,1);
Insert into "USER".ORDER_DETAIL_TBL (ODR_CODE,PDT_NUM,ODR_AMOUNT,ODR_PRICE,ODR_STATUS) values (71,201,2,10000,1);
Insert into "USER".ORDER_DETAIL_TBL (ODR_CODE,PDT_NUM,ODR_AMOUNT,ODR_PRICE,ODR_STATUS) values (71,167,3,10000,1);
Insert into "USER".ORDER_DETAIL_TBL (ODR_CODE,PDT_NUM,ODR_AMOUNT,ODR_PRICE,ODR_STATUS) values (72,173,3,10000,1);
Insert into "USER".ORDER_DETAIL_TBL (ODR_CODE,PDT_NUM,ODR_AMOUNT,ODR_PRICE,ODR_STATUS) values (72,163,1,10000,1);
Insert into "USER".ORDER_DETAIL_TBL (ODR_CODE,PDT_NUM,ODR_AMOUNT,ODR_PRICE,ODR_STATUS) values (73,241,5,55555,1);
Insert into "USER".ORDER_DETAIL_TBL (ODR_CODE,PDT_NUM,ODR_AMOUNT,ODR_PRICE,ODR_STATUS) values (74,221,1,10000,1);
Insert into "USER".ORDER_DETAIL_TBL (ODR_CODE,PDT_NUM,ODR_AMOUNT,ODR_PRICE,ODR_STATUS) values (42,181,1,10000,1);
Insert into "USER".ORDER_DETAIL_TBL (ODR_CODE,PDT_NUM,ODR_AMOUNT,ODR_PRICE,ODR_STATUS) values (42,183,1,10000,1);
Insert into "USER".ORDER_DETAIL_TBL (ODR_CODE,PDT_NUM,ODR_AMOUNT,ODR_PRICE,ODR_STATUS) values (44,200,5,10000,1);
Insert into "USER".ORDER_DETAIL_TBL (ODR_CODE,PDT_NUM,ODR_AMOUNT,ODR_PRICE,ODR_STATUS) values (44,201,2,10000,1);
Insert into "USER".ORDER_DETAIL_TBL (ODR_CODE,PDT_NUM,ODR_AMOUNT,ODR_PRICE,ODR_STATUS) values (44,217,4,10000,1);
Insert into "USER".ORDER_DETAIL_TBL (ODR_CODE,PDT_NUM,ODR_AMOUNT,ODR_PRICE,ODR_STATUS) values (45,221,10,10000,1);
Insert into "USER".ORDER_DETAIL_TBL (ODR_CODE,PDT_NUM,ODR_AMOUNT,ODR_PRICE,ODR_STATUS) values (46,222,3,10000,1);
Insert into "USER".ORDER_DETAIL_TBL (ODR_CODE,PDT_NUM,ODR_AMOUNT,ODR_PRICE,ODR_STATUS) values (66,183,2,10000,1);
Insert into "USER".ORDER_DETAIL_TBL (ODR_CODE,PDT_NUM,ODR_AMOUNT,ODR_PRICE,ODR_STATUS) values (67,181,2,10000,1);
Insert into "USER".ORDER_DETAIL_TBL (ODR_CODE,PDT_NUM,ODR_AMOUNT,ODR_PRICE,ODR_STATUS) values (70,177,1,10000,1);
Insert into "USER".ORDER_DETAIL_TBL (ODR_CODE,PDT_NUM,ODR_AMOUNT,ODR_PRICE,ODR_STATUS) values (76,182,2,10000,1);
Insert into "USER".ORDER_DETAIL_TBL (ODR_CODE,PDT_NUM,ODR_AMOUNT,ODR_PRICE,ODR_STATUS) values (78,195,2,10000,1);
Insert into "USER".ORDER_DETAIL_TBL (ODR_CODE,PDT_NUM,ODR_AMOUNT,ODR_PRICE,ODR_STATUS) values (79,220,3,10000,1);
Insert into "USER".ORDER_DETAIL_TBL (ODR_CODE,PDT_NUM,ODR_AMOUNT,ODR_PRICE,ODR_STATUS) values (83,197,3,10000,1);
Insert into "USER".ORDER_DETAIL_TBL (ODR_CODE,PDT_NUM,ODR_AMOUNT,ODR_PRICE,ODR_STATUS) values (85,173,1,10000,1);
Insert into "USER".ORDER_DETAIL_TBL (ODR_CODE,PDT_NUM,ODR_AMOUNT,ODR_PRICE,ODR_STATUS) values (41,212,1,10000,3);
Insert into "USER".ORDER_DETAIL_TBL (ODR_CODE,PDT_NUM,ODR_AMOUNT,ODR_PRICE,ODR_STATUS) values (25,241,1,55555,1);
Insert into "USER".ORDER_DETAIL_TBL (ODR_CODE,PDT_NUM,ODR_AMOUNT,ODR_PRICE,ODR_STATUS) values (41,216,3,10000,3);
Insert into "USER".ORDER_DETAIL_TBL (ODR_CODE,PDT_NUM,ODR_AMOUNT,ODR_PRICE,ODR_STATUS) values (41,220,1,10000,4);
Insert into "USER".ORDER_DETAIL_TBL (ODR_CODE,PDT_NUM,ODR_AMOUNT,ODR_PRICE,ODR_STATUS) values (42,176,1,10000,1);
Insert into "USER".ORDER_DETAIL_TBL (ODR_CODE,PDT_NUM,ODR_AMOUNT,ODR_PRICE,ODR_STATUS) values (43,190,1,10000,3);
Insert into "USER".ORDER_DETAIL_TBL (ODR_CODE,PDT_NUM,ODR_AMOUNT,ODR_PRICE,ODR_STATUS) values (16,222,10,10000,3);
Insert into "USER".ORDER_DETAIL_TBL (ODR_CODE,PDT_NUM,ODR_AMOUNT,ODR_PRICE,ODR_STATUS) values (43,196,1,10000,3);
Insert into "USER".ORDER_DETAIL_TBL (ODR_CODE,PDT_NUM,ODR_AMOUNT,ODR_PRICE,ODR_STATUS) values (44,220,3,10000,1);
Insert into "USER".ORDER_DETAIL_TBL (ODR_CODE,PDT_NUM,ODR_AMOUNT,ODR_PRICE,ODR_STATUS) values (47,241,1,55555,3);
REM INSERTING into "USER".ORDER_TBL
SET DEFINE OFF;
Insert into "USER".ORDER_TBL (ODR_CODE,MEM_ID,ODR_NAME,ODR_ZIPCODE,ODR_ADDR,ODR_ADDR_D,ODR_PHONE,ODR_TOTAL_PRICE,ODR_DATE) values (64,'sso','sso','01899','서울특별시 마포','마포','111-1111',50000,to_date('2020/04/20 16:19:16','YYYY/MM/DD HH24:MI:SS'));
Insert into "USER".ORDER_TBL (ODR_CODE,MEM_ID,ODR_NAME,ODR_ZIPCODE,ODR_ADDR,ODR_ADDR_D,ODR_PHONE,ODR_TOTAL_PRICE,ODR_DATE) values (65,'sso','sso','01899','서울특별시 마포','마포','111-1111',60000,to_date('2020/04/20 16:19:20','YYYY/MM/DD HH24:MI:SS'));
Insert into "USER".ORDER_TBL (ODR_CODE,MEM_ID,ODR_NAME,ODR_ZIPCODE,ODR_ADDR,ODR_ADDR_D,ODR_PHONE,ODR_TOTAL_PRICE,ODR_DATE) values (72,'user1','사용자1','11111','서울특별시 노원구','456','111-4567-4567',40000,to_date('2020/03/16 16:37:22','YYYY/MM/DD HH24:MI:SS'));
Insert into "USER".ORDER_TBL (ODR_CODE,MEM_ID,ODR_NAME,ODR_ZIPCODE,ODR_ADDR,ODR_ADDR_D,ODR_PHONE,ODR_TOTAL_PRICE,ODR_DATE) values (73,'user1','사용자1','11111','서울특별시 노원구','456','111-4567-4567',277775,to_date('2020/03/20 16:37:26','YYYY/MM/DD HH24:MI:SS'));
Insert into "USER".ORDER_TBL (ODR_CODE,MEM_ID,ODR_NAME,ODR_ZIPCODE,ODR_ADDR,ODR_ADDR_D,ODR_PHONE,ODR_TOTAL_PRICE,ODR_DATE) values (25,'tester','tester','06267','서울 강남구 강남대로 238','111-1111','010-111-1111',75555,to_date('2019/04/01 14:31:39','YYYY/MM/DD HH24:MI:SS'));
Insert into "USER".ORDER_TBL (ODR_CODE,MEM_ID,ODR_NAME,ODR_ZIPCODE,ODR_ADDR,ODR_ADDR_D,ODR_PHONE,ODR_TOTAL_PRICE,ODR_DATE) values (66,'sso','sso','01899','서울특별시 마포','마포','111-1111',30000,to_date('2020/01/05 16:32:52','YYYY/MM/DD HH24:MI:SS'));
Insert into "USER".ORDER_TBL (ODR_CODE,MEM_ID,ODR_NAME,ODR_ZIPCODE,ODR_ADDR,ODR_ADDR_D,ODR_PHONE,ODR_TOTAL_PRICE,ODR_DATE) values (67,'sso','sso','01899','서울특별시 마포','마포','111-1111',20000,to_date('2020/02/10 16:32:57','YYYY/MM/DD HH24:MI:SS'));
Insert into "USER".ORDER_TBL (ODR_CODE,MEM_ID,ODR_NAME,ODR_ZIPCODE,ODR_ADDR,ODR_ADDR_D,ODR_PHONE,ODR_TOTAL_PRICE,ODR_DATE) values (68,'user0','사용자0','11111','서울특별시 노원구','456','111-4567-4567',10000,to_date('2020/02/20 16:36:54','YYYY/MM/DD HH24:MI:SS'));
Insert into "USER".ORDER_TBL (ODR_CODE,MEM_ID,ODR_NAME,ODR_ZIPCODE,ODR_ADDR,ODR_ADDR_D,ODR_PHONE,ODR_TOTAL_PRICE,ODR_DATE) values (70,'user0','사용자0','11111','서울특별시 노원구','456','111-4567-4567',10000,to_date('2020/03/11 16:37:04','YYYY/MM/DD HH24:MI:SS'));
Insert into "USER".ORDER_TBL (ODR_CODE,MEM_ID,ODR_NAME,ODR_ZIPCODE,ODR_ADDR,ODR_ADDR_D,ODR_PHONE,ODR_TOTAL_PRICE,ODR_DATE) values (75,'user2','사용자2','11111','서울특별시 노원구','456','111-4567-4567',50000,to_date('2020/03/20 16:38:41','YYYY/MM/DD HH24:MI:SS'));
Insert into "USER".ORDER_TBL (ODR_CODE,MEM_ID,ODR_NAME,ODR_ZIPCODE,ODR_ADDR,ODR_ADDR_D,ODR_PHONE,ODR_TOTAL_PRICE,ODR_DATE) values (76,'user3','사용자3','11111','서울특별시 노원구','456','111-4567-4567',20000,to_date('2018/04/12 16:38:44','YYYY/MM/DD HH24:MI:SS'));
Insert into "USER".ORDER_TBL (ODR_CODE,MEM_ID,ODR_NAME,ODR_ZIPCODE,ODR_ADDR,ODR_ADDR_D,ODR_PHONE,ODR_TOTAL_PRICE,ODR_DATE) values (13,'tester','tester','06267','서울 강남구 강남대로 238','111-1111','010-111-1111',336665,to_date('2014/03/31 16:55:04','YYYY/MM/DD HH24:MI:SS'));
Insert into "USER".ORDER_TBL (ODR_CODE,MEM_ID,ODR_NAME,ODR_ZIPCODE,ODR_ADDR,ODR_ADDR_D,ODR_PHONE,ODR_TOTAL_PRICE,ODR_DATE) values (17,'tester','tester','06267','서울 강남구 강남대로 238','111-1111','010-111-1111',100000,to_date('2019/03/31 16:59:35','YYYY/MM/DD HH24:MI:SS'));
Insert into "USER".ORDER_TBL (ODR_CODE,MEM_ID,ODR_NAME,ODR_ZIPCODE,ODR_ADDR,ODR_ADDR_D,ODR_PHONE,ODR_TOTAL_PRICE,ODR_DATE) values (77,'user3','사용자3','11111','서울특별시 노원구','456','111-4567-4567',10000,to_date('2018/04/12 16:38:48','YYYY/MM/DD HH24:MI:SS'));
Insert into "USER".ORDER_TBL (ODR_CODE,MEM_ID,ODR_NAME,ODR_ZIPCODE,ODR_ADDR,ODR_ADDR_D,ODR_PHONE,ODR_TOTAL_PRICE,ODR_DATE) values (78,'user3','사용자3','11111','서울특별시 노원구','456','111-4567-4567',20000,to_date('2020/04/12 16:38:51','YYYY/MM/DD HH24:MI:SS'));
Insert into "USER".ORDER_TBL (ODR_CODE,MEM_ID,ODR_NAME,ODR_ZIPCODE,ODR_ADDR,ODR_ADDR_D,ODR_PHONE,ODR_TOTAL_PRICE,ODR_DATE) values (79,'user3','사용자3','11111','서울특별시 노원구','456','111-4567-4567',30000,to_date('2020/04/13 16:38:55','YYYY/MM/DD HH24:MI:SS'));
Insert into "USER".ORDER_TBL (ODR_CODE,MEM_ID,ODR_NAME,ODR_ZIPCODE,ODR_ADDR,ODR_ADDR_D,ODR_PHONE,ODR_TOTAL_PRICE,ODR_DATE) values (80,'user4','사용자4','11111','서울특별시 노원구','456','111-4567-4567',30000,to_date('2020/04/15 16:38:58','YYYY/MM/DD HH24:MI:SS'));
Insert into "USER".ORDER_TBL (ODR_CODE,MEM_ID,ODR_NAME,ODR_ZIPCODE,ODR_ADDR,ODR_ADDR_D,ODR_PHONE,ODR_TOTAL_PRICE,ODR_DATE) values (82,'user5','사용자5','11111','서울특별시 노원구','456','111-4567-4567',20000,to_date('2020/04/14 16:39:03','YYYY/MM/DD HH24:MI:SS'));
Insert into "USER".ORDER_TBL (ODR_CODE,MEM_ID,ODR_NAME,ODR_ZIPCODE,ODR_ADDR,ODR_ADDR_D,ODR_PHONE,ODR_TOTAL_PRICE,ODR_DATE) values (83,'user5','사용자5','11111','서울특별시 노원구','456','111-4567-4567',30000,to_date('2020/04/18 16:39:06','YYYY/MM/DD HH24:MI:SS'));
Insert into "USER".ORDER_TBL (ODR_CODE,MEM_ID,ODR_NAME,ODR_ZIPCODE,ODR_ADDR,ODR_ADDR_D,ODR_PHONE,ODR_TOTAL_PRICE,ODR_DATE) values (85,'user0','사용자0','11111','서울특별시 노원구','456','111-4567-4567',10000,to_date('2020/04/20 16:39:11','YYYY/MM/DD HH24:MI:SS'));
Insert into "USER".ORDER_TBL (ODR_CODE,MEM_ID,ODR_NAME,ODR_ZIPCODE,ODR_ADDR,ODR_ADDR_D,ODR_PHONE,ODR_TOTAL_PRICE,ODR_DATE) values (61,'sso','sso','01899','서울특별시 마포','마포','111-1111',10000,to_date('2018/04/20 16:18:49','YYYY/MM/DD HH24:MI:SS'));
Insert into "USER".ORDER_TBL (ODR_CODE,MEM_ID,ODR_NAME,ODR_ZIPCODE,ODR_ADDR,ODR_ADDR_D,ODR_PHONE,ODR_TOTAL_PRICE,ODR_DATE) values (41,'tester','tester','06267','서울 강남구 강남대로 238','111-1111','010-111-1111',60000,to_date('2019/04/07 15:00:19','YYYY/MM/DD HH24:MI:SS'));
Insert into "USER".ORDER_TBL (ODR_CODE,MEM_ID,ODR_NAME,ODR_ZIPCODE,ODR_ADDR,ODR_ADDR_D,ODR_PHONE,ODR_TOTAL_PRICE,ODR_DATE) values (14,'tester','tester','06267','서울 강남구 강남대로 238','111-1111','010-111-1111',10000,to_date('2015/03/31 16:58:59','YYYY/MM/DD HH24:MI:SS'));
Insert into "USER".ORDER_TBL (ODR_CODE,MEM_ID,ODR_NAME,ODR_ZIPCODE,ODR_ADDR,ODR_ADDR_D,ODR_PHONE,ODR_TOTAL_PRICE,ODR_DATE) values (62,'sso','sso','01899','서울특별시 마포','마포','111-1111',30000,to_date('2018/04/20 16:19:04','YYYY/MM/DD HH24:MI:SS'));
Insert into "USER".ORDER_TBL (ODR_CODE,MEM_ID,ODR_NAME,ODR_ZIPCODE,ODR_ADDR,ODR_ADDR_D,ODR_PHONE,ODR_TOTAL_PRICE,ODR_DATE) values (15,'tester','tester','06267','서울 강남구 강남대로 238','111-1111','010-111-1111',555550,to_date('2020/03/31 16:59:20','YYYY/MM/DD HH24:MI:SS'));
Insert into "USER".ORDER_TBL (ODR_CODE,MEM_ID,ODR_NAME,ODR_ZIPCODE,ODR_ADDR,ODR_ADDR_D,ODR_PHONE,ODR_TOTAL_PRICE,ODR_DATE) values (63,'sso','sso','01899','서울특별시 마포','마포','111-1111',30000,to_date('2019/04/20 16:19:11','YYYY/MM/DD HH24:MI:SS'));
Insert into "USER".ORDER_TBL (ODR_CODE,MEM_ID,ODR_NAME,ODR_ZIPCODE,ODR_ADDR,ODR_ADDR_D,ODR_PHONE,ODR_TOTAL_PRICE,ODR_DATE) values (71,'user1','사용자1','11111','서울특별시 노원구','456','111-4567-4567',60000,to_date('2020/03/11 16:37:14','YYYY/MM/DD HH24:MI:SS'));
Insert into "USER".ORDER_TBL (ODR_CODE,MEM_ID,ODR_NAME,ODR_ZIPCODE,ODR_ADDR,ODR_ADDR_D,ODR_PHONE,ODR_TOTAL_PRICE,ODR_DATE) values (74,'user1','사용자1','11111','서울특별시 노원구','456','111-4567-4567',10000,to_date('2020/03/20 16:37:49','YYYY/MM/DD HH24:MI:SS'));
Insert into "USER".ORDER_TBL (ODR_CODE,MEM_ID,ODR_NAME,ODR_ZIPCODE,ODR_ADDR,ODR_ADDR_D,ODR_PHONE,ODR_TOTAL_PRICE,ODR_DATE) values (42,'user6','사용자6','46751','부산 강서구 가락대로 197-1','123','111-1234',30000,to_date('2020/01/07 15:21:41','YYYY/MM/DD HH24:MI:SS'));
Insert into "USER".ORDER_TBL (ODR_CODE,MEM_ID,ODR_NAME,ODR_ZIPCODE,ODR_ADDR,ODR_ADDR_D,ODR_PHONE,ODR_TOTAL_PRICE,ODR_DATE) values (43,'user6','사용자6','46751','부산 강서구 가락대로 197-1','123','111-1234',20000,to_date('2020/02/07 15:21:55','YYYY/MM/DD HH24:MI:SS'));
Insert into "USER".ORDER_TBL (ODR_CODE,MEM_ID,ODR_NAME,ODR_ZIPCODE,ODR_ADDR,ODR_ADDR_D,ODR_PHONE,ODR_TOTAL_PRICE,ODR_DATE) values (44,'user6','사용자6','46751','부산 강서구 가락대로 197-1','123','111-1234',140000,to_date('2016/04/07 15:22:51','YYYY/MM/DD HH24:MI:SS'));
Insert into "USER".ORDER_TBL (ODR_CODE,MEM_ID,ODR_NAME,ODR_ZIPCODE,ODR_ADDR,ODR_ADDR_D,ODR_PHONE,ODR_TOTAL_PRICE,ODR_DATE) values (45,'user6','사용자6','46751','부산 강서구 가락대로 197-1','123','111-1234',100000,to_date('2016/04/10 15:23:01','YYYY/MM/DD HH24:MI:SS'));
Insert into "USER".ORDER_TBL (ODR_CODE,MEM_ID,ODR_NAME,ODR_ZIPCODE,ODR_ADDR,ODR_ADDR_D,ODR_PHONE,ODR_TOTAL_PRICE,ODR_DATE) values (46,'user6','사용자6','46751','부산 강서구 가락대로 197-1','123','111-1234',30000,to_date('2020/04/13 15:43:57','YYYY/MM/DD HH24:MI:SS'));
Insert into "USER".ORDER_TBL (ODR_CODE,MEM_ID,ODR_NAME,ODR_ZIPCODE,ODR_ADDR,ODR_ADDR_D,ODR_PHONE,ODR_TOTAL_PRICE,ODR_DATE) values (47,'user6','사용자6','46751','부산 강서구 가락대로 197-1','123','111-1234',55555,to_date('2020/04/13 15:44:50','YYYY/MM/DD HH24:MI:SS'));
Insert into "USER".ORDER_TBL (ODR_CODE,MEM_ID,ODR_NAME,ODR_ZIPCODE,ODR_ADDR,ODR_ADDR_D,ODR_PHONE,ODR_TOTAL_PRICE,ODR_DATE) values (69,'user0','사용자0','11111','서울특별시 노원구','456','111-4567-4567',20000,to_date('2018/02/23 16:36:59','YYYY/MM/DD HH24:MI:SS'));
Insert into "USER".ORDER_TBL (ODR_CODE,MEM_ID,ODR_NAME,ODR_ZIPCODE,ODR_ADDR,ODR_ADDR_D,ODR_PHONE,ODR_TOTAL_PRICE,ODR_DATE) values (81,'user5','사용자5','11111','서울특별시 노원구','456','111-4567-4567',10000,to_date('2020/04/18 16:39:01','YYYY/MM/DD HH24:MI:SS'));
Insert into "USER".ORDER_TBL (ODR_CODE,MEM_ID,ODR_NAME,ODR_ZIPCODE,ODR_ADDR,ODR_ADDR_D,ODR_PHONE,ODR_TOTAL_PRICE,ODR_DATE) values (84,'user5','사용자5','11111','서울특별시 노원구','456','111-4567-4567',20000,to_date('2020/04/20 16:39:08','YYYY/MM/DD HH24:MI:SS'));
Insert into "USER".ORDER_TBL (ODR_CODE,MEM_ID,ODR_NAME,ODR_ZIPCODE,ODR_ADDR,ODR_ADDR_D,ODR_PHONE,ODR_TOTAL_PRICE,ODR_DATE) values (16,'tester','tester','06267','서울 강남구 강남대로 238','111-1111','010-111-1111',100000,to_date('2016/03/31 16:59:35','YYYY/MM/DD HH24:MI:SS'));
REM INSERTING into "USER".PRODUCT_TBL
SET DEFINE OFF;
Insert into "USER".PRODUCT_TBL (PDT_NUM,CG_CODE,PDT_NAME,PDT_PRICE,PDT_DISCOUNT,PDT_COMPANY,PDT_DETAIL,PDT_IMG,PDT_AMOUNT,PDT_BUY,PDT_DATE_SUB,PDT_DATE_UP) values (241,'8','ckeditorTest',111111,55555,'test','<img alt="" src="/upload/Chrysanthemum.jpg" style="height:150px; width:200px" /><br />
<img alt="" src="/upload/Hydrangeas.jpg" style="height:150px; width:200px" /><br />
<img alt="" src="/upload/Tulips.jpg" style="height:150px; width:200px" />&nbsp;꽃밭','/2020/03/26/s_04376ef3-8071-447a-bd26-e0bab28335ac_Chrysanthemum.jpg',14,'Y',to_date('2020/03/26 09:38:37','YYYY/MM/DD HH24:MI:SS'),to_date('2020/04/23 14:19:57','YYYY/MM/DD HH24:MI:SS'));
Insert into "USER".PRODUCT_TBL (PDT_NUM,CG_CODE,PDT_NAME,PDT_PRICE,PDT_DISCOUNT,PDT_COMPANY,PDT_DETAIL,PDT_IMG,PDT_AMOUNT,PDT_BUY,PDT_DATE_SUB,PDT_DATE_UP) values (124,'9','테스트상품2',10000,10000,'flower','튤립','/2020/03/24/s_58c0d28f-c6d9-4bbe-8fd6-1b323328988d_Tulips.jpg',1000,'Y',to_date('2020/03/24 11:14:06','YYYY/MM/DD HH24:MI:SS'),to_date('2020/03/24 11:14:06','YYYY/MM/DD HH24:MI:SS'));
Insert into "USER".PRODUCT_TBL (PDT_NUM,CG_CODE,PDT_NAME,PDT_PRICE,PDT_DISCOUNT,PDT_COMPANY,PDT_DETAIL,PDT_IMG,PDT_AMOUNT,PDT_BUY,PDT_DATE_SUB,PDT_DATE_UP) values (125,'9','테스트상품3',10000,10000,'flower','튤립','/2020/03/24/s_58c0d28f-c6d9-4bbe-8fd6-1b323328988d_Tulips.jpg',1000,'Y',to_date('2020/03/24 11:14:06','YYYY/MM/DD HH24:MI:SS'),to_date('2020/03/24 11:14:06','YYYY/MM/DD HH24:MI:SS'));
Insert into "USER".PRODUCT_TBL (PDT_NUM,CG_CODE,PDT_NAME,PDT_PRICE,PDT_DISCOUNT,PDT_COMPANY,PDT_DETAIL,PDT_IMG,PDT_AMOUNT,PDT_BUY,PDT_DATE_SUB,PDT_DATE_UP) values (126,'9','테스트상품4',10000,10000,'flower','튤립','/2020/03/24/s_58c0d28f-c6d9-4bbe-8fd6-1b323328988d_Tulips.jpg',1000,'Y',to_date('2020/03/24 11:14:06','YYYY/MM/DD HH24:MI:SS'),to_date('2020/03/24 11:14:06','YYYY/MM/DD HH24:MI:SS'));
Insert into "USER".PRODUCT_TBL (PDT_NUM,CG_CODE,PDT_NAME,PDT_PRICE,PDT_DISCOUNT,PDT_COMPANY,PDT_DETAIL,PDT_IMG,PDT_AMOUNT,PDT_BUY,PDT_DATE_SUB,PDT_DATE_UP) values (127,'9','테스트상품5',10000,10000,'flower','튤립','/2020/03/24/s_58c0d28f-c6d9-4bbe-8fd6-1b323328988d_Tulips.jpg',1000,'Y',to_date('2020/03/24 11:14:06','YYYY/MM/DD HH24:MI:SS'),to_date('2020/03/24 11:14:06','YYYY/MM/DD HH24:MI:SS'));
Insert into "USER".PRODUCT_TBL (PDT_NUM,CG_CODE,PDT_NAME,PDT_PRICE,PDT_DISCOUNT,PDT_COMPANY,PDT_DETAIL,PDT_IMG,PDT_AMOUNT,PDT_BUY,PDT_DATE_SUB,PDT_DATE_UP) values (128,'9','테스트상품6',10000,10000,'flower','튤립','/2020/03/24/s_58c0d28f-c6d9-4bbe-8fd6-1b323328988d_Tulips.jpg',1000,'Y',to_date('2020/03/24 11:14:06','YYYY/MM/DD HH24:MI:SS'),to_date('2020/03/24 11:14:06','YYYY/MM/DD HH24:MI:SS'));
Insert into "USER".PRODUCT_TBL (PDT_NUM,CG_CODE,PDT_NAME,PDT_PRICE,PDT_DISCOUNT,PDT_COMPANY,PDT_DETAIL,PDT_IMG,PDT_AMOUNT,PDT_BUY,PDT_DATE_SUB,PDT_DATE_UP) values (129,'9','테스트상품7',10000,10000,'flower','튤립','/2020/03/24/s_58c0d28f-c6d9-4bbe-8fd6-1b323328988d_Tulips.jpg',1000,'Y',to_date('2020/03/24 11:14:06','YYYY/MM/DD HH24:MI:SS'),to_date('2020/03/24 11:14:06','YYYY/MM/DD HH24:MI:SS'));
Insert into "USER".PRODUCT_TBL (PDT_NUM,CG_CODE,PDT_NAME,PDT_PRICE,PDT_DISCOUNT,PDT_COMPANY,PDT_DETAIL,PDT_IMG,PDT_AMOUNT,PDT_BUY,PDT_DATE_SUB,PDT_DATE_UP) values (130,'9','테스트상품8',10000,10000,'flower','튤립','/2020/03/24/s_58c0d28f-c6d9-4bbe-8fd6-1b323328988d_Tulips.jpg',1000,'Y',to_date('2020/03/24 11:14:06','YYYY/MM/DD HH24:MI:SS'),to_date('2020/03/24 11:14:06','YYYY/MM/DD HH24:MI:SS'));
Insert into "USER".PRODUCT_TBL (PDT_NUM,CG_CODE,PDT_NAME,PDT_PRICE,PDT_DISCOUNT,PDT_COMPANY,PDT_DETAIL,PDT_IMG,PDT_AMOUNT,PDT_BUY,PDT_DATE_SUB,PDT_DATE_UP) values (131,'9','테스트상품9',10000,10000,'flower','튤립','/2020/03/24/s_58c0d28f-c6d9-4bbe-8fd6-1b323328988d_Tulips.jpg',1000,'Y',to_date('2020/03/24 11:14:06','YYYY/MM/DD HH24:MI:SS'),to_date('2020/03/24 11:14:06','YYYY/MM/DD HH24:MI:SS'));
Insert into "USER".PRODUCT_TBL (PDT_NUM,CG_CODE,PDT_NAME,PDT_PRICE,PDT_DISCOUNT,PDT_COMPANY,PDT_DETAIL,PDT_IMG,PDT_AMOUNT,PDT_BUY,PDT_DATE_SUB,PDT_DATE_UP) values (132,'9','테스트상품10',10000,10000,'flower','튤립','/2020/03/24/s_58c0d28f-c6d9-4bbe-8fd6-1b323328988d_Tulips.jpg',1000,'Y',to_date('2020/03/24 11:14:06','YYYY/MM/DD HH24:MI:SS'),to_date('2020/03/24 11:14:06','YYYY/MM/DD HH24:MI:SS'));
Insert into "USER".PRODUCT_TBL (PDT_NUM,CG_CODE,PDT_NAME,PDT_PRICE,PDT_DISCOUNT,PDT_COMPANY,PDT_DETAIL,PDT_IMG,PDT_AMOUNT,PDT_BUY,PDT_DATE_SUB,PDT_DATE_UP) values (133,'9','테스트상품11',10000,10000,'flower','튤립','/2020/03/24/s_58c0d28f-c6d9-4bbe-8fd6-1b323328988d_Tulips.jpg',1000,'Y',to_date('2020/03/24 11:14:06','YYYY/MM/DD HH24:MI:SS'),to_date('2020/03/24 11:14:06','YYYY/MM/DD HH24:MI:SS'));
Insert into "USER".PRODUCT_TBL (PDT_NUM,CG_CODE,PDT_NAME,PDT_PRICE,PDT_DISCOUNT,PDT_COMPANY,PDT_DETAIL,PDT_IMG,PDT_AMOUNT,PDT_BUY,PDT_DATE_SUB,PDT_DATE_UP) values (134,'9','테스트상품12',10000,10000,'flower','튤립','/2020/03/24/s_58c0d28f-c6d9-4bbe-8fd6-1b323328988d_Tulips.jpg',1000,'Y',to_date('2020/03/24 11:14:06','YYYY/MM/DD HH24:MI:SS'),to_date('2020/03/24 11:14:06','YYYY/MM/DD HH24:MI:SS'));
Insert into "USER".PRODUCT_TBL (PDT_NUM,CG_CODE,PDT_NAME,PDT_PRICE,PDT_DISCOUNT,PDT_COMPANY,PDT_DETAIL,PDT_IMG,PDT_AMOUNT,PDT_BUY,PDT_DATE_SUB,PDT_DATE_UP) values (135,'9','테스트상품13',10000,10000,'flower','튤립','/2020/03/24/s_58c0d28f-c6d9-4bbe-8fd6-1b323328988d_Tulips.jpg',1000,'Y',to_date('2020/03/24 11:14:06','YYYY/MM/DD HH24:MI:SS'),to_date('2020/03/24 11:14:06','YYYY/MM/DD HH24:MI:SS'));
Insert into "USER".PRODUCT_TBL (PDT_NUM,CG_CODE,PDT_NAME,PDT_PRICE,PDT_DISCOUNT,PDT_COMPANY,PDT_DETAIL,PDT_IMG,PDT_AMOUNT,PDT_BUY,PDT_DATE_SUB,PDT_DATE_UP) values (136,'9','테스트상품14',10000,10000,'flower','튤립','/2020/03/24/s_58c0d28f-c6d9-4bbe-8fd6-1b323328988d_Tulips.jpg',1000,'Y',to_date('2020/03/24 11:14:06','YYYY/MM/DD HH24:MI:SS'),to_date('2020/03/24 11:14:06','YYYY/MM/DD HH24:MI:SS'));
Insert into "USER".PRODUCT_TBL (PDT_NUM,CG_CODE,PDT_NAME,PDT_PRICE,PDT_DISCOUNT,PDT_COMPANY,PDT_DETAIL,PDT_IMG,PDT_AMOUNT,PDT_BUY,PDT_DATE_SUB,PDT_DATE_UP) values (137,'9','테스트상품15',10000,10000,'flower','튤립','/2020/03/24/s_58c0d28f-c6d9-4bbe-8fd6-1b323328988d_Tulips.jpg',1000,'Y',to_date('2020/03/24 11:14:06','YYYY/MM/DD HH24:MI:SS'),to_date('2020/03/24 11:14:06','YYYY/MM/DD HH24:MI:SS'));
Insert into "USER".PRODUCT_TBL (PDT_NUM,CG_CODE,PDT_NAME,PDT_PRICE,PDT_DISCOUNT,PDT_COMPANY,PDT_DETAIL,PDT_IMG,PDT_AMOUNT,PDT_BUY,PDT_DATE_SUB,PDT_DATE_UP) values (138,'9','테스트상품16',10000,10000,'flower','튤립','/2020/03/24/s_58c0d28f-c6d9-4bbe-8fd6-1b323328988d_Tulips.jpg',1000,'Y',to_date('2020/03/24 11:14:06','YYYY/MM/DD HH24:MI:SS'),to_date('2020/03/24 11:14:06','YYYY/MM/DD HH24:MI:SS'));
Insert into "USER".PRODUCT_TBL (PDT_NUM,CG_CODE,PDT_NAME,PDT_PRICE,PDT_DISCOUNT,PDT_COMPANY,PDT_DETAIL,PDT_IMG,PDT_AMOUNT,PDT_BUY,PDT_DATE_SUB,PDT_DATE_UP) values (139,'9','테스트상품17',10000,10000,'flower','튤립','/2020/03/24/s_58c0d28f-c6d9-4bbe-8fd6-1b323328988d_Tulips.jpg',1000,'Y',to_date('2020/03/24 11:14:06','YYYY/MM/DD HH24:MI:SS'),to_date('2020/03/24 11:14:06','YYYY/MM/DD HH24:MI:SS'));
Insert into "USER".PRODUCT_TBL (PDT_NUM,CG_CODE,PDT_NAME,PDT_PRICE,PDT_DISCOUNT,PDT_COMPANY,PDT_DETAIL,PDT_IMG,PDT_AMOUNT,PDT_BUY,PDT_DATE_SUB,PDT_DATE_UP) values (140,'9','테스트상품18',10000,10000,'flower','튤립','/2020/03/24/s_58c0d28f-c6d9-4bbe-8fd6-1b323328988d_Tulips.jpg',1000,'Y',to_date('2020/03/24 11:14:06','YYYY/MM/DD HH24:MI:SS'),to_date('2020/03/24 11:14:06','YYYY/MM/DD HH24:MI:SS'));
Insert into "USER".PRODUCT_TBL (PDT_NUM,CG_CODE,PDT_NAME,PDT_PRICE,PDT_DISCOUNT,PDT_COMPANY,PDT_DETAIL,PDT_IMG,PDT_AMOUNT,PDT_BUY,PDT_DATE_SUB,PDT_DATE_UP) values (141,'9','테스트상품19',10000,10000,'flower','튤립','/2020/03/24/s_58c0d28f-c6d9-4bbe-8fd6-1b323328988d_Tulips.jpg',1000,'Y',to_date('2020/03/24 11:14:06','YYYY/MM/DD HH24:MI:SS'),to_date('2020/03/24 11:14:06','YYYY/MM/DD HH24:MI:SS'));
Insert into "USER".PRODUCT_TBL (PDT_NUM,CG_CODE,PDT_NAME,PDT_PRICE,PDT_DISCOUNT,PDT_COMPANY,PDT_DETAIL,PDT_IMG,PDT_AMOUNT,PDT_BUY,PDT_DATE_SUB,PDT_DATE_UP) values (142,'9','테스트상품20',10000,10000,'flower','튤립','/2020/03/24/s_58c0d28f-c6d9-4bbe-8fd6-1b323328988d_Tulips.jpg',1000,'Y',to_date('2020/03/24 11:14:06','YYYY/MM/DD HH24:MI:SS'),to_date('2020/03/24 11:14:06','YYYY/MM/DD HH24:MI:SS'));
Insert into "USER".PRODUCT_TBL (PDT_NUM,CG_CODE,PDT_NAME,PDT_PRICE,PDT_DISCOUNT,PDT_COMPANY,PDT_DETAIL,PDT_IMG,PDT_AMOUNT,PDT_BUY,PDT_DATE_SUB,PDT_DATE_UP) values (143,'9','테스트상품21',10000,10000,'flower','튤립','/2020/03/24/s_58c0d28f-c6d9-4bbe-8fd6-1b323328988d_Tulips.jpg',1000,'Y',to_date('2020/03/24 11:14:06','YYYY/MM/DD HH24:MI:SS'),to_date('2020/03/24 11:14:06','YYYY/MM/DD HH24:MI:SS'));
Insert into "USER".PRODUCT_TBL (PDT_NUM,CG_CODE,PDT_NAME,PDT_PRICE,PDT_DISCOUNT,PDT_COMPANY,PDT_DETAIL,PDT_IMG,PDT_AMOUNT,PDT_BUY,PDT_DATE_SUB,PDT_DATE_UP) values (144,'9','테스트상품22',10000,10000,'flower','튤립','/2020/03/24/s_58c0d28f-c6d9-4bbe-8fd6-1b323328988d_Tulips.jpg',1000,'Y',to_date('2020/03/24 11:14:06','YYYY/MM/DD HH24:MI:SS'),to_date('2020/03/24 11:14:06','YYYY/MM/DD HH24:MI:SS'));
Insert into "USER".PRODUCT_TBL (PDT_NUM,CG_CODE,PDT_NAME,PDT_PRICE,PDT_DISCOUNT,PDT_COMPANY,PDT_DETAIL,PDT_IMG,PDT_AMOUNT,PDT_BUY,PDT_DATE_SUB,PDT_DATE_UP) values (145,'9','테스트상품23',10000,10000,'flower','튤립','/2020/03/24/s_58c0d28f-c6d9-4bbe-8fd6-1b323328988d_Tulips.jpg',1000,'Y',to_date('2020/03/24 11:14:06','YYYY/MM/DD HH24:MI:SS'),to_date('2020/03/24 11:14:06','YYYY/MM/DD HH24:MI:SS'));
Insert into "USER".PRODUCT_TBL (PDT_NUM,CG_CODE,PDT_NAME,PDT_PRICE,PDT_DISCOUNT,PDT_COMPANY,PDT_DETAIL,PDT_IMG,PDT_AMOUNT,PDT_BUY,PDT_DATE_SUB,PDT_DATE_UP) values (146,'9','테스트상품24',10000,10000,'flower','튤립','/2020/03/24/s_58c0d28f-c6d9-4bbe-8fd6-1b323328988d_Tulips.jpg',1000,'Y',to_date('2020/03/24 11:14:06','YYYY/MM/DD HH24:MI:SS'),to_date('2020/03/24 11:14:06','YYYY/MM/DD HH24:MI:SS'));
Insert into "USER".PRODUCT_TBL (PDT_NUM,CG_CODE,PDT_NAME,PDT_PRICE,PDT_DISCOUNT,PDT_COMPANY,PDT_DETAIL,PDT_IMG,PDT_AMOUNT,PDT_BUY,PDT_DATE_SUB,PDT_DATE_UP) values (147,'9','테스트상품25',10000,10000,'flower','튤립','/2020/03/24/s_58c0d28f-c6d9-4bbe-8fd6-1b323328988d_Tulips.jpg',1000,'Y',to_date('2020/03/24 11:14:06','YYYY/MM/DD HH24:MI:SS'),to_date('2020/03/24 11:14:06','YYYY/MM/DD HH24:MI:SS'));
Insert into "USER".PRODUCT_TBL (PDT_NUM,CG_CODE,PDT_NAME,PDT_PRICE,PDT_DISCOUNT,PDT_COMPANY,PDT_DETAIL,PDT_IMG,PDT_AMOUNT,PDT_BUY,PDT_DATE_SUB,PDT_DATE_UP) values (148,'9','테스트상품26',10000,10000,'flower','튤립','/2020/03/24/s_58c0d28f-c6d9-4bbe-8fd6-1b323328988d_Tulips.jpg',1000,'Y',to_date('2020/03/24 11:14:06','YYYY/MM/DD HH24:MI:SS'),to_date('2020/03/24 11:14:06','YYYY/MM/DD HH24:MI:SS'));
Insert into "USER".PRODUCT_TBL (PDT_NUM,CG_CODE,PDT_NAME,PDT_PRICE,PDT_DISCOUNT,PDT_COMPANY,PDT_DETAIL,PDT_IMG,PDT_AMOUNT,PDT_BUY,PDT_DATE_SUB,PDT_DATE_UP) values (149,'9','테스트상품27',10000,10000,'flower','튤립','/2020/03/24/s_58c0d28f-c6d9-4bbe-8fd6-1b323328988d_Tulips.jpg',1000,'Y',to_date('2020/03/24 11:14:06','YYYY/MM/DD HH24:MI:SS'),to_date('2020/03/24 11:14:06','YYYY/MM/DD HH24:MI:SS'));
Insert into "USER".PRODUCT_TBL (PDT_NUM,CG_CODE,PDT_NAME,PDT_PRICE,PDT_DISCOUNT,PDT_COMPANY,PDT_DETAIL,PDT_IMG,PDT_AMOUNT,PDT_BUY,PDT_DATE_SUB,PDT_DATE_UP) values (150,'9','테스트상품28',10000,10000,'flower','튤립','/2020/03/24/s_58c0d28f-c6d9-4bbe-8fd6-1b323328988d_Tulips.jpg',1000,'Y',to_date('2020/03/24 11:14:06','YYYY/MM/DD HH24:MI:SS'),to_date('2020/03/24 11:14:06','YYYY/MM/DD HH24:MI:SS'));
Insert into "USER".PRODUCT_TBL (PDT_NUM,CG_CODE,PDT_NAME,PDT_PRICE,PDT_DISCOUNT,PDT_COMPANY,PDT_DETAIL,PDT_IMG,PDT_AMOUNT,PDT_BUY,PDT_DATE_SUB,PDT_DATE_UP) values (151,'9','테스트상품29',10000,10000,'flower','튤립','/2020/03/24/s_58c0d28f-c6d9-4bbe-8fd6-1b323328988d_Tulips.jpg',1000,'Y',to_date('2020/03/24 11:14:06','YYYY/MM/DD HH24:MI:SS'),to_date('2020/03/24 11:14:06','YYYY/MM/DD HH24:MI:SS'));
Insert into "USER".PRODUCT_TBL (PDT_NUM,CG_CODE,PDT_NAME,PDT_PRICE,PDT_DISCOUNT,PDT_COMPANY,PDT_DETAIL,PDT_IMG,PDT_AMOUNT,PDT_BUY,PDT_DATE_SUB,PDT_DATE_UP) values (152,'9','테스트상품30',10000,10000,'flower','튤립','/2020/03/24/s_58c0d28f-c6d9-4bbe-8fd6-1b323328988d_Tulips.jpg',1000,'Y',to_date('2020/03/24 11:14:06','YYYY/MM/DD HH24:MI:SS'),to_date('2020/03/24 11:14:06','YYYY/MM/DD HH24:MI:SS'));
Insert into "USER".PRODUCT_TBL (PDT_NUM,CG_CODE,PDT_NAME,PDT_PRICE,PDT_DISCOUNT,PDT_COMPANY,PDT_DETAIL,PDT_IMG,PDT_AMOUNT,PDT_BUY,PDT_DATE_SUB,PDT_DATE_UP) values (153,'9','테스트상품31',10000,10000,'flower','튤립','/2020/03/24/s_58c0d28f-c6d9-4bbe-8fd6-1b323328988d_Tulips.jpg',1000,'Y',to_date('2020/03/24 11:14:06','YYYY/MM/DD HH24:MI:SS'),to_date('2020/03/24 11:14:06','YYYY/MM/DD HH24:MI:SS'));
Insert into "USER".PRODUCT_TBL (PDT_NUM,CG_CODE,PDT_NAME,PDT_PRICE,PDT_DISCOUNT,PDT_COMPANY,PDT_DETAIL,PDT_IMG,PDT_AMOUNT,PDT_BUY,PDT_DATE_SUB,PDT_DATE_UP) values (154,'9','테스트상품32',10000,10000,'flower','튤립','/2020/03/24/s_58c0d28f-c6d9-4bbe-8fd6-1b323328988d_Tulips.jpg',1000,'Y',to_date('2020/03/24 11:14:06','YYYY/MM/DD HH24:MI:SS'),to_date('2020/03/24 11:14:06','YYYY/MM/DD HH24:MI:SS'));
Insert into "USER".PRODUCT_TBL (PDT_NUM,CG_CODE,PDT_NAME,PDT_PRICE,PDT_DISCOUNT,PDT_COMPANY,PDT_DETAIL,PDT_IMG,PDT_AMOUNT,PDT_BUY,PDT_DATE_SUB,PDT_DATE_UP) values (155,'9','테스트상품33',10000,10000,'flower','튤립','/2020/03/24/s_58c0d28f-c6d9-4bbe-8fd6-1b323328988d_Tulips.jpg',1000,'Y',to_date('2020/03/24 11:14:06','YYYY/MM/DD HH24:MI:SS'),to_date('2020/03/24 11:14:06','YYYY/MM/DD HH24:MI:SS'));
Insert into "USER".PRODUCT_TBL (PDT_NUM,CG_CODE,PDT_NAME,PDT_PRICE,PDT_DISCOUNT,PDT_COMPANY,PDT_DETAIL,PDT_IMG,PDT_AMOUNT,PDT_BUY,PDT_DATE_SUB,PDT_DATE_UP) values (156,'9','테스트상품34',10000,10000,'flower','튤립','/2020/03/24/s_58c0d28f-c6d9-4bbe-8fd6-1b323328988d_Tulips.jpg',1000,'Y',to_date('2020/03/24 11:14:06','YYYY/MM/DD HH24:MI:SS'),to_date('2020/03/24 11:14:06','YYYY/MM/DD HH24:MI:SS'));
Insert into "USER".PRODUCT_TBL (PDT_NUM,CG_CODE,PDT_NAME,PDT_PRICE,PDT_DISCOUNT,PDT_COMPANY,PDT_DETAIL,PDT_IMG,PDT_AMOUNT,PDT_BUY,PDT_DATE_SUB,PDT_DATE_UP) values (157,'9','테스트상품35',10000,10000,'flower','튤립','/2020/03/24/s_58c0d28f-c6d9-4bbe-8fd6-1b323328988d_Tulips.jpg',1000,'Y',to_date('2020/03/24 11:14:06','YYYY/MM/DD HH24:MI:SS'),to_date('2020/03/24 11:14:06','YYYY/MM/DD HH24:MI:SS'));
Insert into "USER".PRODUCT_TBL (PDT_NUM,CG_CODE,PDT_NAME,PDT_PRICE,PDT_DISCOUNT,PDT_COMPANY,PDT_DETAIL,PDT_IMG,PDT_AMOUNT,PDT_BUY,PDT_DATE_SUB,PDT_DATE_UP) values (158,'9','테스트상품36',10000,10000,'flower','튤립','/2020/03/24/s_58c0d28f-c6d9-4bbe-8fd6-1b323328988d_Tulips.jpg',1000,'Y',to_date('2020/03/24 11:14:06','YYYY/MM/DD HH24:MI:SS'),to_date('2020/03/24 11:14:06','YYYY/MM/DD HH24:MI:SS'));
Insert into "USER".PRODUCT_TBL (PDT_NUM,CG_CODE,PDT_NAME,PDT_PRICE,PDT_DISCOUNT,PDT_COMPANY,PDT_DETAIL,PDT_IMG,PDT_AMOUNT,PDT_BUY,PDT_DATE_SUB,PDT_DATE_UP) values (159,'9','테스트상품37',10000,10000,'flower','튤립','/2020/03/24/s_58c0d28f-c6d9-4bbe-8fd6-1b323328988d_Tulips.jpg',1000,'Y',to_date('2020/03/24 11:14:06','YYYY/MM/DD HH24:MI:SS'),to_date('2020/03/24 11:14:06','YYYY/MM/DD HH24:MI:SS'));
Insert into "USER".PRODUCT_TBL (PDT_NUM,CG_CODE,PDT_NAME,PDT_PRICE,PDT_DISCOUNT,PDT_COMPANY,PDT_DETAIL,PDT_IMG,PDT_AMOUNT,PDT_BUY,PDT_DATE_SUB,PDT_DATE_UP) values (122,'9','테스트상품0',10000,10000,'flower','튤립','/2020/03/24/s_58c0d28f-c6d9-4bbe-8fd6-1b323328988d_Tulips.jpg',1000,'Y',to_date('2020/03/24 11:14:06','YYYY/MM/DD HH24:MI:SS'),to_date('2020/03/24 11:14:06','YYYY/MM/DD HH24:MI:SS'));
Insert into "USER".PRODUCT_TBL (PDT_NUM,CG_CODE,PDT_NAME,PDT_PRICE,PDT_DISCOUNT,PDT_COMPANY,PDT_DETAIL,PDT_IMG,PDT_AMOUNT,PDT_BUY,PDT_DATE_SUB,PDT_DATE_UP) values (160,'9','테스트상품38',10000,10000,'flower','튤립','/2020/03/24/s_58c0d28f-c6d9-4bbe-8fd6-1b323328988d_Tulips.jpg',1000,'Y',to_date('2020/03/24 11:14:06','YYYY/MM/DD HH24:MI:SS'),to_date('2020/03/24 11:14:06','YYYY/MM/DD HH24:MI:SS'));
Insert into "USER".PRODUCT_TBL (PDT_NUM,CG_CODE,PDT_NAME,PDT_PRICE,PDT_DISCOUNT,PDT_COMPANY,PDT_DETAIL,PDT_IMG,PDT_AMOUNT,PDT_BUY,PDT_DATE_SUB,PDT_DATE_UP) values (161,'9','테스트상품39',10000,10000,'flower','튤립','/2020/03/24/s_58c0d28f-c6d9-4bbe-8fd6-1b323328988d_Tulips.jpg',1000,'Y',to_date('2020/03/24 11:14:06','YYYY/MM/DD HH24:MI:SS'),to_date('2020/03/24 11:14:06','YYYY/MM/DD HH24:MI:SS'));
Insert into "USER".PRODUCT_TBL (PDT_NUM,CG_CODE,PDT_NAME,PDT_PRICE,PDT_DISCOUNT,PDT_COMPANY,PDT_DETAIL,PDT_IMG,PDT_AMOUNT,PDT_BUY,PDT_DATE_SUB,PDT_DATE_UP) values (162,'9','테스트상품40',10000,10000,'flower','튤립','/2020/03/24/s_58c0d28f-c6d9-4bbe-8fd6-1b323328988d_Tulips.jpg',1000,'Y',to_date('2020/03/24 11:14:06','YYYY/MM/DD HH24:MI:SS'),to_date('2020/03/24 11:14:06','YYYY/MM/DD HH24:MI:SS'));
Insert into "USER".PRODUCT_TBL (PDT_NUM,CG_CODE,PDT_NAME,PDT_PRICE,PDT_DISCOUNT,PDT_COMPANY,PDT_DETAIL,PDT_IMG,PDT_AMOUNT,PDT_BUY,PDT_DATE_SUB,PDT_DATE_UP) values (163,'9','테스트상품41',10000,10000,'flower','튤립','/2020/03/24/s_58c0d28f-c6d9-4bbe-8fd6-1b323328988d_Tulips.jpg',998,'Y',to_date('2020/03/24 11:14:06','YYYY/MM/DD HH24:MI:SS'),to_date('2020/03/24 11:14:06','YYYY/MM/DD HH24:MI:SS'));
Insert into "USER".PRODUCT_TBL (PDT_NUM,CG_CODE,PDT_NAME,PDT_PRICE,PDT_DISCOUNT,PDT_COMPANY,PDT_DETAIL,PDT_IMG,PDT_AMOUNT,PDT_BUY,PDT_DATE_SUB,PDT_DATE_UP) values (164,'9','테스트상품42',10000,10000,'flower','튤립','/2020/03/24/s_58c0d28f-c6d9-4bbe-8fd6-1b323328988d_Tulips.jpg',1000,'Y',to_date('2020/03/24 11:14:06','YYYY/MM/DD HH24:MI:SS'),to_date('2020/03/24 11:14:06','YYYY/MM/DD HH24:MI:SS'));
Insert into "USER".PRODUCT_TBL (PDT_NUM,CG_CODE,PDT_NAME,PDT_PRICE,PDT_DISCOUNT,PDT_COMPANY,PDT_DETAIL,PDT_IMG,PDT_AMOUNT,PDT_BUY,PDT_DATE_SUB,PDT_DATE_UP) values (165,'9','테스트상품43',10000,10000,'flower','튤립','/2020/03/24/s_58c0d28f-c6d9-4bbe-8fd6-1b323328988d_Tulips.jpg',1000,'Y',to_date('2020/03/24 11:14:06','YYYY/MM/DD HH24:MI:SS'),to_date('2020/03/24 11:14:06','YYYY/MM/DD HH24:MI:SS'));
Insert into "USER".PRODUCT_TBL (PDT_NUM,CG_CODE,PDT_NAME,PDT_PRICE,PDT_DISCOUNT,PDT_COMPANY,PDT_DETAIL,PDT_IMG,PDT_AMOUNT,PDT_BUY,PDT_DATE_SUB,PDT_DATE_UP) values (123,'9','테스트상품1',10000,10000,'flower','튤립','/2020/03/24/s_58c0d28f-c6d9-4bbe-8fd6-1b323328988d_Tulips.jpg',1000,'Y',to_date('2020/03/24 11:14:06','YYYY/MM/DD HH24:MI:SS'),to_date('2020/03/24 11:14:06','YYYY/MM/DD HH24:MI:SS'));
Insert into "USER".PRODUCT_TBL (PDT_NUM,CG_CODE,PDT_NAME,PDT_PRICE,PDT_DISCOUNT,PDT_COMPANY,PDT_DETAIL,PDT_IMG,PDT_AMOUNT,PDT_BUY,PDT_DATE_SUB,PDT_DATE_UP) values (166,'9','테스트상품44',10000,10000,'flower','튤립','/2020/03/24/s_58c0d28f-c6d9-4bbe-8fd6-1b323328988d_Tulips.jpg',1000,'Y',to_date('2020/03/24 11:14:06','YYYY/MM/DD HH24:MI:SS'),to_date('2020/03/24 11:14:06','YYYY/MM/DD HH24:MI:SS'));
Insert into "USER".PRODUCT_TBL (PDT_NUM,CG_CODE,PDT_NAME,PDT_PRICE,PDT_DISCOUNT,PDT_COMPANY,PDT_DETAIL,PDT_IMG,PDT_AMOUNT,PDT_BUY,PDT_DATE_SUB,PDT_DATE_UP) values (167,'9','테스트상품45',10000,10000,'flower','튤립','/2020/03/24/s_58c0d28f-c6d9-4bbe-8fd6-1b323328988d_Tulips.jpg',997,'Y',to_date('2020/03/24 11:14:06','YYYY/MM/DD HH24:MI:SS'),to_date('2020/03/24 11:14:06','YYYY/MM/DD HH24:MI:SS'));
Insert into "USER".PRODUCT_TBL (PDT_NUM,CG_CODE,PDT_NAME,PDT_PRICE,PDT_DISCOUNT,PDT_COMPANY,PDT_DETAIL,PDT_IMG,PDT_AMOUNT,PDT_BUY,PDT_DATE_SUB,PDT_DATE_UP) values (168,'9','테스트상품46',10000,10000,'flower','튤립','/2020/03/24/s_58c0d28f-c6d9-4bbe-8fd6-1b323328988d_Tulips.jpg',1000,'Y',to_date('2020/03/24 11:14:06','YYYY/MM/DD HH24:MI:SS'),to_date('2020/03/24 11:14:06','YYYY/MM/DD HH24:MI:SS'));
Insert into "USER".PRODUCT_TBL (PDT_NUM,CG_CODE,PDT_NAME,PDT_PRICE,PDT_DISCOUNT,PDT_COMPANY,PDT_DETAIL,PDT_IMG,PDT_AMOUNT,PDT_BUY,PDT_DATE_SUB,PDT_DATE_UP) values (169,'9','테스트상품47',10000,10000,'flower','튤립','/2020/03/24/s_58c0d28f-c6d9-4bbe-8fd6-1b323328988d_Tulips.jpg',1000,'Y',to_date('2020/03/24 11:14:06','YYYY/MM/DD HH24:MI:SS'),to_date('2020/03/24 11:14:06','YYYY/MM/DD HH24:MI:SS'));
Insert into "USER".PRODUCT_TBL (PDT_NUM,CG_CODE,PDT_NAME,PDT_PRICE,PDT_DISCOUNT,PDT_COMPANY,PDT_DETAIL,PDT_IMG,PDT_AMOUNT,PDT_BUY,PDT_DATE_SUB,PDT_DATE_UP) values (170,'9','테스트상품48',10000,10000,'flower','튤립','/2020/03/24/s_58c0d28f-c6d9-4bbe-8fd6-1b323328988d_Tulips.jpg',1000,'Y',to_date('2020/03/24 11:14:06','YYYY/MM/DD HH24:MI:SS'),to_date('2020/03/24 11:14:06','YYYY/MM/DD HH24:MI:SS'));
Insert into "USER".PRODUCT_TBL (PDT_NUM,CG_CODE,PDT_NAME,PDT_PRICE,PDT_DISCOUNT,PDT_COMPANY,PDT_DETAIL,PDT_IMG,PDT_AMOUNT,PDT_BUY,PDT_DATE_SUB,PDT_DATE_UP) values (171,'9','테스트상품49',10000,10000,'flower','튤립','/2020/03/24/s_58c0d28f-c6d9-4bbe-8fd6-1b323328988d_Tulips.jpg',1000,'Y',to_date('2020/03/24 11:14:06','YYYY/MM/DD HH24:MI:SS'),to_date('2020/03/24 11:14:06','YYYY/MM/DD HH24:MI:SS'));
Insert into "USER".PRODUCT_TBL (PDT_NUM,CG_CODE,PDT_NAME,PDT_PRICE,PDT_DISCOUNT,PDT_COMPANY,PDT_DETAIL,PDT_IMG,PDT_AMOUNT,PDT_BUY,PDT_DATE_SUB,PDT_DATE_UP) values (172,'9','테스트상품50',10000,10000,'flower','튤립','/2020/03/24/s_58c0d28f-c6d9-4bbe-8fd6-1b323328988d_Tulips.jpg',1000,'Y',to_date('2020/03/24 11:14:06','YYYY/MM/DD HH24:MI:SS'),to_date('2020/03/24 11:14:06','YYYY/MM/DD HH24:MI:SS'));
Insert into "USER".PRODUCT_TBL (PDT_NUM,CG_CODE,PDT_NAME,PDT_PRICE,PDT_DISCOUNT,PDT_COMPANY,PDT_DETAIL,PDT_IMG,PDT_AMOUNT,PDT_BUY,PDT_DATE_SUB,PDT_DATE_UP) values (173,'9','테스트상품51',10000,10000,'flower','튤립','/2020/03/24/s_58c0d28f-c6d9-4bbe-8fd6-1b323328988d_Tulips.jpg',996,'Y',to_date('2020/03/24 11:14:06','YYYY/MM/DD HH24:MI:SS'),to_date('2020/03/24 11:14:06','YYYY/MM/DD HH24:MI:SS'));
Insert into "USER".PRODUCT_TBL (PDT_NUM,CG_CODE,PDT_NAME,PDT_PRICE,PDT_DISCOUNT,PDT_COMPANY,PDT_DETAIL,PDT_IMG,PDT_AMOUNT,PDT_BUY,PDT_DATE_SUB,PDT_DATE_UP) values (174,'9','테스트상품52',10000,10000,'flower','튤립','/2020/03/24/s_58c0d28f-c6d9-4bbe-8fd6-1b323328988d_Tulips.jpg',1000,'Y',to_date('2020/03/24 11:14:06','YYYY/MM/DD HH24:MI:SS'),to_date('2020/03/24 11:14:06','YYYY/MM/DD HH24:MI:SS'));
Insert into "USER".PRODUCT_TBL (PDT_NUM,CG_CODE,PDT_NAME,PDT_PRICE,PDT_DISCOUNT,PDT_COMPANY,PDT_DETAIL,PDT_IMG,PDT_AMOUNT,PDT_BUY,PDT_DATE_SUB,PDT_DATE_UP) values (175,'9','테스트상품53',10000,10000,'flower','튤립','/2020/03/24/s_58c0d28f-c6d9-4bbe-8fd6-1b323328988d_Tulips.jpg',999,'Y',to_date('2020/03/24 11:14:06','YYYY/MM/DD HH24:MI:SS'),to_date('2020/03/24 11:14:06','YYYY/MM/DD HH24:MI:SS'));
Insert into "USER".PRODUCT_TBL (PDT_NUM,CG_CODE,PDT_NAME,PDT_PRICE,PDT_DISCOUNT,PDT_COMPANY,PDT_DETAIL,PDT_IMG,PDT_AMOUNT,PDT_BUY,PDT_DATE_SUB,PDT_DATE_UP) values (176,'9','테스트상품54',10000,10000,'flower','튤립','/2020/03/24/s_58c0d28f-c6d9-4bbe-8fd6-1b323328988d_Tulips.jpg',999,'Y',to_date('2020/03/24 11:14:06','YYYY/MM/DD HH24:MI:SS'),to_date('2020/03/24 11:14:06','YYYY/MM/DD HH24:MI:SS'));
Insert into "USER".PRODUCT_TBL (PDT_NUM,CG_CODE,PDT_NAME,PDT_PRICE,PDT_DISCOUNT,PDT_COMPANY,PDT_DETAIL,PDT_IMG,PDT_AMOUNT,PDT_BUY,PDT_DATE_SUB,PDT_DATE_UP) values (177,'9','테스트상품55',10000,10000,'flower','튤립','/2020/03/24/s_58c0d28f-c6d9-4bbe-8fd6-1b323328988d_Tulips.jpg',999,'Y',to_date('2020/03/24 11:14:06','YYYY/MM/DD HH24:MI:SS'),to_date('2020/03/24 11:14:06','YYYY/MM/DD HH24:MI:SS'));
Insert into "USER".PRODUCT_TBL (PDT_NUM,CG_CODE,PDT_NAME,PDT_PRICE,PDT_DISCOUNT,PDT_COMPANY,PDT_DETAIL,PDT_IMG,PDT_AMOUNT,PDT_BUY,PDT_DATE_SUB,PDT_DATE_UP) values (178,'9','테스트상품56',10000,10000,'flower','튤립','/2020/03/24/s_58c0d28f-c6d9-4bbe-8fd6-1b323328988d_Tulips.jpg',1000,'Y',to_date('2020/03/24 11:14:06','YYYY/MM/DD HH24:MI:SS'),to_date('2020/03/24 11:14:06','YYYY/MM/DD HH24:MI:SS'));
Insert into "USER".PRODUCT_TBL (PDT_NUM,CG_CODE,PDT_NAME,PDT_PRICE,PDT_DISCOUNT,PDT_COMPANY,PDT_DETAIL,PDT_IMG,PDT_AMOUNT,PDT_BUY,PDT_DATE_SUB,PDT_DATE_UP) values (179,'9','테스트상품57',10000,10000,'flower','튤립','/2020/03/24/s_58c0d28f-c6d9-4bbe-8fd6-1b323328988d_Tulips.jpg',999,'Y',to_date('2020/03/24 11:14:06','YYYY/MM/DD HH24:MI:SS'),to_date('2020/03/24 11:14:06','YYYY/MM/DD HH24:MI:SS'));
Insert into "USER".PRODUCT_TBL (PDT_NUM,CG_CODE,PDT_NAME,PDT_PRICE,PDT_DISCOUNT,PDT_COMPANY,PDT_DETAIL,PDT_IMG,PDT_AMOUNT,PDT_BUY,PDT_DATE_SUB,PDT_DATE_UP) values (121,'9','튤립',30000,20000,'flower','tulips','/2020/03/24/s_58c0d28f-c6d9-4bbe-8fd6-1b323328988d_Tulips.jpg',1000,'Y',to_date('2020/03/24 11:13:01','YYYY/MM/DD HH24:MI:SS'),to_date('2020/03/24 11:13:01','YYYY/MM/DD HH24:MI:SS'));
Insert into "USER".PRODUCT_TBL (PDT_NUM,CG_CODE,PDT_NAME,PDT_PRICE,PDT_DISCOUNT,PDT_COMPANY,PDT_DETAIL,PDT_IMG,PDT_AMOUNT,PDT_BUY,PDT_DATE_SUB,PDT_DATE_UP) values (180,'9','테스트상품58',10000,10000,'flower','튤립','/2020/03/24/s_58c0d28f-c6d9-4bbe-8fd6-1b323328988d_Tulips.jpg',999,'Y',to_date('2020/03/24 11:14:06','YYYY/MM/DD HH24:MI:SS'),to_date('2020/03/24 11:14:06','YYYY/MM/DD HH24:MI:SS'));
Insert into "USER".PRODUCT_TBL (PDT_NUM,CG_CODE,PDT_NAME,PDT_PRICE,PDT_DISCOUNT,PDT_COMPANY,PDT_DETAIL,PDT_IMG,PDT_AMOUNT,PDT_BUY,PDT_DATE_SUB,PDT_DATE_UP) values (181,'9','테스트상품59',10000,10000,'flower','튤립','/2020/03/24/s_58c0d28f-c6d9-4bbe-8fd6-1b323328988d_Tulips.jpg',995,'Y',to_date('2020/03/24 11:14:06','YYYY/MM/DD HH24:MI:SS'),to_date('2020/03/24 11:14:06','YYYY/MM/DD HH24:MI:SS'));
Insert into "USER".PRODUCT_TBL (PDT_NUM,CG_CODE,PDT_NAME,PDT_PRICE,PDT_DISCOUNT,PDT_COMPANY,PDT_DETAIL,PDT_IMG,PDT_AMOUNT,PDT_BUY,PDT_DATE_SUB,PDT_DATE_UP) values (182,'9','테스트상품60',10000,10000,'flower','튤립','/2020/03/24/s_58c0d28f-c6d9-4bbe-8fd6-1b323328988d_Tulips.jpg',998,'Y',to_date('2020/03/24 11:14:06','YYYY/MM/DD HH24:MI:SS'),to_date('2020/03/24 11:14:06','YYYY/MM/DD HH24:MI:SS'));
Insert into "USER".PRODUCT_TBL (PDT_NUM,CG_CODE,PDT_NAME,PDT_PRICE,PDT_DISCOUNT,PDT_COMPANY,PDT_DETAIL,PDT_IMG,PDT_AMOUNT,PDT_BUY,PDT_DATE_SUB,PDT_DATE_UP) values (183,'9','테스트상품61',10000,10000,'flower','튤립','/2020/03/24/s_58c0d28f-c6d9-4bbe-8fd6-1b323328988d_Tulips.jpg',997,'Y',to_date('2020/03/24 11:14:06','YYYY/MM/DD HH24:MI:SS'),to_date('2020/03/24 11:14:06','YYYY/MM/DD HH24:MI:SS'));
Insert into "USER".PRODUCT_TBL (PDT_NUM,CG_CODE,PDT_NAME,PDT_PRICE,PDT_DISCOUNT,PDT_COMPANY,PDT_DETAIL,PDT_IMG,PDT_AMOUNT,PDT_BUY,PDT_DATE_SUB,PDT_DATE_UP) values (184,'9','테스트상품62',10000,10000,'flower','튤립','/2020/03/24/s_58c0d28f-c6d9-4bbe-8fd6-1b323328988d_Tulips.jpg',1000,'Y',to_date('2020/03/24 11:14:06','YYYY/MM/DD HH24:MI:SS'),to_date('2020/03/24 11:14:06','YYYY/MM/DD HH24:MI:SS'));
Insert into "USER".PRODUCT_TBL (PDT_NUM,CG_CODE,PDT_NAME,PDT_PRICE,PDT_DISCOUNT,PDT_COMPANY,PDT_DETAIL,PDT_IMG,PDT_AMOUNT,PDT_BUY,PDT_DATE_SUB,PDT_DATE_UP) values (185,'9','테스트상품63',10000,10000,'flower','튤립','/2020/03/24/s_58c0d28f-c6d9-4bbe-8fd6-1b323328988d_Tulips.jpg',1000,'Y',to_date('2020/03/24 11:14:06','YYYY/MM/DD HH24:MI:SS'),to_date('2020/03/24 11:14:06','YYYY/MM/DD HH24:MI:SS'));
Insert into "USER".PRODUCT_TBL (PDT_NUM,CG_CODE,PDT_NAME,PDT_PRICE,PDT_DISCOUNT,PDT_COMPANY,PDT_DETAIL,PDT_IMG,PDT_AMOUNT,PDT_BUY,PDT_DATE_SUB,PDT_DATE_UP) values (186,'9','테스트상품64',10000,10000,'flower','튤립','/2020/03/24/s_58c0d28f-c6d9-4bbe-8fd6-1b323328988d_Tulips.jpg',1000,'Y',to_date('2020/03/24 11:14:06','YYYY/MM/DD HH24:MI:SS'),to_date('2020/03/24 11:14:06','YYYY/MM/DD HH24:MI:SS'));
Insert into "USER".PRODUCT_TBL (PDT_NUM,CG_CODE,PDT_NAME,PDT_PRICE,PDT_DISCOUNT,PDT_COMPANY,PDT_DETAIL,PDT_IMG,PDT_AMOUNT,PDT_BUY,PDT_DATE_SUB,PDT_DATE_UP) values (187,'9','테스트상품65',10000,10000,'flower','튤립','/2020/03/24/s_58c0d28f-c6d9-4bbe-8fd6-1b323328988d_Tulips.jpg',999,'Y',to_date('2020/03/24 11:14:06','YYYY/MM/DD HH24:MI:SS'),to_date('2020/03/24 11:14:06','YYYY/MM/DD HH24:MI:SS'));
Insert into "USER".PRODUCT_TBL (PDT_NUM,CG_CODE,PDT_NAME,PDT_PRICE,PDT_DISCOUNT,PDT_COMPANY,PDT_DETAIL,PDT_IMG,PDT_AMOUNT,PDT_BUY,PDT_DATE_SUB,PDT_DATE_UP) values (188,'9','테스트상품66',10000,10000,'flower','튤립','/2020/03/24/s_58c0d28f-c6d9-4bbe-8fd6-1b323328988d_Tulips.jpg',1000,'Y',to_date('2020/03/24 11:14:06','YYYY/MM/DD HH24:MI:SS'),to_date('2020/03/24 11:14:06','YYYY/MM/DD HH24:MI:SS'));
Insert into "USER".PRODUCT_TBL (PDT_NUM,CG_CODE,PDT_NAME,PDT_PRICE,PDT_DISCOUNT,PDT_COMPANY,PDT_DETAIL,PDT_IMG,PDT_AMOUNT,PDT_BUY,PDT_DATE_SUB,PDT_DATE_UP) values (189,'9','테스트상품67',10000,10000,'flower','튤립','/2020/03/24/s_58c0d28f-c6d9-4bbe-8fd6-1b323328988d_Tulips.jpg',1000,'Y',to_date('2020/03/24 11:14:06','YYYY/MM/DD HH24:MI:SS'),to_date('2020/03/24 11:14:06','YYYY/MM/DD HH24:MI:SS'));
Insert into "USER".PRODUCT_TBL (PDT_NUM,CG_CODE,PDT_NAME,PDT_PRICE,PDT_DISCOUNT,PDT_COMPANY,PDT_DETAIL,PDT_IMG,PDT_AMOUNT,PDT_BUY,PDT_DATE_SUB,PDT_DATE_UP) values (190,'9','테스트상품68',10000,10000,'flower','튤립','/2020/03/24/s_58c0d28f-c6d9-4bbe-8fd6-1b323328988d_Tulips.jpg',996,'Y',to_date('2020/03/24 11:14:06','YYYY/MM/DD HH24:MI:SS'),to_date('2020/03/24 11:14:06','YYYY/MM/DD HH24:MI:SS'));
Insert into "USER".PRODUCT_TBL (PDT_NUM,CG_CODE,PDT_NAME,PDT_PRICE,PDT_DISCOUNT,PDT_COMPANY,PDT_DETAIL,PDT_IMG,PDT_AMOUNT,PDT_BUY,PDT_DATE_SUB,PDT_DATE_UP) values (191,'9','테스트상품69',10000,10000,'flower','튤립','/2020/03/24/s_58c0d28f-c6d9-4bbe-8fd6-1b323328988d_Tulips.jpg',999,'Y',to_date('2020/03/24 11:14:06','YYYY/MM/DD HH24:MI:SS'),to_date('2020/03/24 11:14:06','YYYY/MM/DD HH24:MI:SS'));
Insert into "USER".PRODUCT_TBL (PDT_NUM,CG_CODE,PDT_NAME,PDT_PRICE,PDT_DISCOUNT,PDT_COMPANY,PDT_DETAIL,PDT_IMG,PDT_AMOUNT,PDT_BUY,PDT_DATE_SUB,PDT_DATE_UP) values (192,'9','테스트상품70',10000,10000,'flower','튤립','/2020/03/24/s_58c0d28f-c6d9-4bbe-8fd6-1b323328988d_Tulips.jpg',1000,'Y',to_date('2020/03/24 11:14:06','YYYY/MM/DD HH24:MI:SS'),to_date('2020/03/24 11:14:06','YYYY/MM/DD HH24:MI:SS'));
Insert into "USER".PRODUCT_TBL (PDT_NUM,CG_CODE,PDT_NAME,PDT_PRICE,PDT_DISCOUNT,PDT_COMPANY,PDT_DETAIL,PDT_IMG,PDT_AMOUNT,PDT_BUY,PDT_DATE_SUB,PDT_DATE_UP) values (193,'9','테스트상품71',10000,10000,'flower','튤립','/2020/03/24/s_58c0d28f-c6d9-4bbe-8fd6-1b323328988d_Tulips.jpg',998,'Y',to_date('2020/03/24 11:14:06','YYYY/MM/DD HH24:MI:SS'),to_date('2020/03/24 11:14:06','YYYY/MM/DD HH24:MI:SS'));
Insert into "USER".PRODUCT_TBL (PDT_NUM,CG_CODE,PDT_NAME,PDT_PRICE,PDT_DISCOUNT,PDT_COMPANY,PDT_DETAIL,PDT_IMG,PDT_AMOUNT,PDT_BUY,PDT_DATE_SUB,PDT_DATE_UP) values (194,'9','테스트상품72',10000,10000,'flower','튤립','/2020/03/24/s_58c0d28f-c6d9-4bbe-8fd6-1b323328988d_Tulips.jpg',1000,'Y',to_date('2020/03/24 11:14:06','YYYY/MM/DD HH24:MI:SS'),to_date('2020/03/24 11:14:06','YYYY/MM/DD HH24:MI:SS'));
Insert into "USER".PRODUCT_TBL (PDT_NUM,CG_CODE,PDT_NAME,PDT_PRICE,PDT_DISCOUNT,PDT_COMPANY,PDT_DETAIL,PDT_IMG,PDT_AMOUNT,PDT_BUY,PDT_DATE_SUB,PDT_DATE_UP) values (195,'9','테스트상품73',10000,10000,'flower','튤립','/2020/03/24/s_58c0d28f-c6d9-4bbe-8fd6-1b323328988d_Tulips.jpg',998,'Y',to_date('2020/03/24 11:14:06','YYYY/MM/DD HH24:MI:SS'),to_date('2020/03/24 11:14:06','YYYY/MM/DD HH24:MI:SS'));
Insert into "USER".PRODUCT_TBL (PDT_NUM,CG_CODE,PDT_NAME,PDT_PRICE,PDT_DISCOUNT,PDT_COMPANY,PDT_DETAIL,PDT_IMG,PDT_AMOUNT,PDT_BUY,PDT_DATE_SUB,PDT_DATE_UP) values (196,'9','테스트상품74',10000,10000,'flower','튤립','/2020/03/24/s_58c0d28f-c6d9-4bbe-8fd6-1b323328988d_Tulips.jpg',999,'Y',to_date('2020/03/24 11:14:06','YYYY/MM/DD HH24:MI:SS'),to_date('2020/03/24 11:14:06','YYYY/MM/DD HH24:MI:SS'));
Insert into "USER".PRODUCT_TBL (PDT_NUM,CG_CODE,PDT_NAME,PDT_PRICE,PDT_DISCOUNT,PDT_COMPANY,PDT_DETAIL,PDT_IMG,PDT_AMOUNT,PDT_BUY,PDT_DATE_SUB,PDT_DATE_UP) values (197,'9','테스트상품75',10000,10000,'flower','튤립','/2020/03/24/s_58c0d28f-c6d9-4bbe-8fd6-1b323328988d_Tulips.jpg',997,'Y',to_date('2020/03/24 11:14:06','YYYY/MM/DD HH24:MI:SS'),to_date('2020/03/24 11:14:06','YYYY/MM/DD HH24:MI:SS'));
Insert into "USER".PRODUCT_TBL (PDT_NUM,CG_CODE,PDT_NAME,PDT_PRICE,PDT_DISCOUNT,PDT_COMPANY,PDT_DETAIL,PDT_IMG,PDT_AMOUNT,PDT_BUY,PDT_DATE_SUB,PDT_DATE_UP) values (198,'9','테스트상품76',10000,10000,'flower','튤립','/2020/03/24/s_58c0d28f-c6d9-4bbe-8fd6-1b323328988d_Tulips.jpg',995,'Y',to_date('2020/03/24 11:14:06','YYYY/MM/DD HH24:MI:SS'),to_date('2020/03/24 11:14:06','YYYY/MM/DD HH24:MI:SS'));
Insert into "USER".PRODUCT_TBL (PDT_NUM,CG_CODE,PDT_NAME,PDT_PRICE,PDT_DISCOUNT,PDT_COMPANY,PDT_DETAIL,PDT_IMG,PDT_AMOUNT,PDT_BUY,PDT_DATE_SUB,PDT_DATE_UP) values (199,'9','테스트상품77',10000,10000,'flower','튤립','/2020/03/24/s_58c0d28f-c6d9-4bbe-8fd6-1b323328988d_Tulips.jpg',1000,'Y',to_date('2020/03/24 11:14:06','YYYY/MM/DD HH24:MI:SS'),to_date('2020/03/24 11:14:06','YYYY/MM/DD HH24:MI:SS'));
Insert into "USER".PRODUCT_TBL (PDT_NUM,CG_CODE,PDT_NAME,PDT_PRICE,PDT_DISCOUNT,PDT_COMPANY,PDT_DETAIL,PDT_IMG,PDT_AMOUNT,PDT_BUY,PDT_DATE_SUB,PDT_DATE_UP) values (200,'9','테스트상품78',10000,10000,'flower','튤립','/2020/03/24/s_58c0d28f-c6d9-4bbe-8fd6-1b323328988d_Tulips.jpg',995,'Y',to_date('2020/03/24 11:14:06','YYYY/MM/DD HH24:MI:SS'),to_date('2020/03/24 11:14:06','YYYY/MM/DD HH24:MI:SS'));
Insert into "USER".PRODUCT_TBL (PDT_NUM,CG_CODE,PDT_NAME,PDT_PRICE,PDT_DISCOUNT,PDT_COMPANY,PDT_DETAIL,PDT_IMG,PDT_AMOUNT,PDT_BUY,PDT_DATE_SUB,PDT_DATE_UP) values (201,'9','테스트상품79',10000,10000,'flower','튤립','/2020/03/24/s_58c0d28f-c6d9-4bbe-8fd6-1b323328988d_Tulips.jpg',995,'Y',to_date('2020/03/24 11:14:06','YYYY/MM/DD HH24:MI:SS'),to_date('2020/03/24 11:14:06','YYYY/MM/DD HH24:MI:SS'));
Insert into "USER".PRODUCT_TBL (PDT_NUM,CG_CODE,PDT_NAME,PDT_PRICE,PDT_DISCOUNT,PDT_COMPANY,PDT_DETAIL,PDT_IMG,PDT_AMOUNT,PDT_BUY,PDT_DATE_SUB,PDT_DATE_UP) values (202,'9','테스트상품80',10000,10000,'flower','튤립','/2020/03/24/s_58c0d28f-c6d9-4bbe-8fd6-1b323328988d_Tulips.jpg',1000,'Y',to_date('2020/03/24 11:14:06','YYYY/MM/DD HH24:MI:SS'),to_date('2020/03/24 11:14:06','YYYY/MM/DD HH24:MI:SS'));
Insert into "USER".PRODUCT_TBL (PDT_NUM,CG_CODE,PDT_NAME,PDT_PRICE,PDT_DISCOUNT,PDT_COMPANY,PDT_DETAIL,PDT_IMG,PDT_AMOUNT,PDT_BUY,PDT_DATE_SUB,PDT_DATE_UP) values (203,'9','테스트상품81',10000,10000,'flower','튤립','/2020/03/24/s_58c0d28f-c6d9-4bbe-8fd6-1b323328988d_Tulips.jpg',1000,'Y',to_date('2020/03/24 11:14:06','YYYY/MM/DD HH24:MI:SS'),to_date('2020/03/24 11:14:06','YYYY/MM/DD HH24:MI:SS'));
Insert into "USER".PRODUCT_TBL (PDT_NUM,CG_CODE,PDT_NAME,PDT_PRICE,PDT_DISCOUNT,PDT_COMPANY,PDT_DETAIL,PDT_IMG,PDT_AMOUNT,PDT_BUY,PDT_DATE_SUB,PDT_DATE_UP) values (204,'9','테스트상품82',10000,10000,'flower','튤립','/2020/03/24/s_58c0d28f-c6d9-4bbe-8fd6-1b323328988d_Tulips.jpg',1000,'Y',to_date('2020/03/24 11:14:06','YYYY/MM/DD HH24:MI:SS'),to_date('2020/03/24 11:14:06','YYYY/MM/DD HH24:MI:SS'));
Insert into "USER".PRODUCT_TBL (PDT_NUM,CG_CODE,PDT_NAME,PDT_PRICE,PDT_DISCOUNT,PDT_COMPANY,PDT_DETAIL,PDT_IMG,PDT_AMOUNT,PDT_BUY,PDT_DATE_SUB,PDT_DATE_UP) values (205,'9','테스트상품83',10000,10000,'flower','튤립','/2020/03/24/s_58c0d28f-c6d9-4bbe-8fd6-1b323328988d_Tulips.jpg',1000,'Y',to_date('2020/03/24 11:14:06','YYYY/MM/DD HH24:MI:SS'),to_date('2020/03/24 11:14:06','YYYY/MM/DD HH24:MI:SS'));
Insert into "USER".PRODUCT_TBL (PDT_NUM,CG_CODE,PDT_NAME,PDT_PRICE,PDT_DISCOUNT,PDT_COMPANY,PDT_DETAIL,PDT_IMG,PDT_AMOUNT,PDT_BUY,PDT_DATE_SUB,PDT_DATE_UP) values (206,'9','테스트상품84',10000,10000,'flower','튤립','/2020/03/24/s_58c0d28f-c6d9-4bbe-8fd6-1b323328988d_Tulips.jpg',1000,'Y',to_date('2020/03/24 11:14:06','YYYY/MM/DD HH24:MI:SS'),to_date('2020/03/24 11:14:06','YYYY/MM/DD HH24:MI:SS'));
Insert into "USER".PRODUCT_TBL (PDT_NUM,CG_CODE,PDT_NAME,PDT_PRICE,PDT_DISCOUNT,PDT_COMPANY,PDT_DETAIL,PDT_IMG,PDT_AMOUNT,PDT_BUY,PDT_DATE_SUB,PDT_DATE_UP) values (207,'9','테스트상품85',10000,10000,'flower','튤립','/2020/03/24/s_58c0d28f-c6d9-4bbe-8fd6-1b323328988d_Tulips.jpg',1000,'Y',to_date('2020/03/24 11:14:06','YYYY/MM/DD HH24:MI:SS'),to_date('2020/03/24 11:14:06','YYYY/MM/DD HH24:MI:SS'));
Insert into "USER".PRODUCT_TBL (PDT_NUM,CG_CODE,PDT_NAME,PDT_PRICE,PDT_DISCOUNT,PDT_COMPANY,PDT_DETAIL,PDT_IMG,PDT_AMOUNT,PDT_BUY,PDT_DATE_SUB,PDT_DATE_UP) values (208,'9','테스트상품86',10000,10000,'flower','튤립','/2020/03/24/s_58c0d28f-c6d9-4bbe-8fd6-1b323328988d_Tulips.jpg',1000,'Y',to_date('2020/03/24 11:14:06','YYYY/MM/DD HH24:MI:SS'),to_date('2020/03/24 11:14:06','YYYY/MM/DD HH24:MI:SS'));
Insert into "USER".PRODUCT_TBL (PDT_NUM,CG_CODE,PDT_NAME,PDT_PRICE,PDT_DISCOUNT,PDT_COMPANY,PDT_DETAIL,PDT_IMG,PDT_AMOUNT,PDT_BUY,PDT_DATE_SUB,PDT_DATE_UP) values (209,'9','테스트상품87',10000,10000,'flower','튤립','/2020/03/24/s_58c0d28f-c6d9-4bbe-8fd6-1b323328988d_Tulips.jpg',1000,'Y',to_date('2020/03/24 11:14:06','YYYY/MM/DD HH24:MI:SS'),to_date('2020/03/24 11:14:06','YYYY/MM/DD HH24:MI:SS'));
Insert into "USER".PRODUCT_TBL (PDT_NUM,CG_CODE,PDT_NAME,PDT_PRICE,PDT_DISCOUNT,PDT_COMPANY,PDT_DETAIL,PDT_IMG,PDT_AMOUNT,PDT_BUY,PDT_DATE_SUB,PDT_DATE_UP) values (210,'9','테스트상품88',10000,10000,'flower','튤립','/2020/03/24/s_58c0d28f-c6d9-4bbe-8fd6-1b323328988d_Tulips.jpg',1000,'Y',to_date('2020/03/24 11:14:06','YYYY/MM/DD HH24:MI:SS'),to_date('2020/03/24 11:14:06','YYYY/MM/DD HH24:MI:SS'));
Insert into "USER".PRODUCT_TBL (PDT_NUM,CG_CODE,PDT_NAME,PDT_PRICE,PDT_DISCOUNT,PDT_COMPANY,PDT_DETAIL,PDT_IMG,PDT_AMOUNT,PDT_BUY,PDT_DATE_SUB,PDT_DATE_UP) values (211,'9','테스트상품89',10000,10000,'flower','튤립','/2020/03/24/s_58c0d28f-c6d9-4bbe-8fd6-1b323328988d_Tulips.jpg',1000,'Y',to_date('2020/03/24 11:14:06','YYYY/MM/DD HH24:MI:SS'),to_date('2020/03/24 11:14:06','YYYY/MM/DD HH24:MI:SS'));
Insert into "USER".PRODUCT_TBL (PDT_NUM,CG_CODE,PDT_NAME,PDT_PRICE,PDT_DISCOUNT,PDT_COMPANY,PDT_DETAIL,PDT_IMG,PDT_AMOUNT,PDT_BUY,PDT_DATE_SUB,PDT_DATE_UP) values (212,'9','테스트상품90',10000,10000,'flower','튤립','/2020/03/24/s_58c0d28f-c6d9-4bbe-8fd6-1b323328988d_Tulips.jpg',988,'Y',to_date('2020/03/24 11:14:06','YYYY/MM/DD HH24:MI:SS'),to_date('2020/03/24 11:14:06','YYYY/MM/DD HH24:MI:SS'));
Insert into "USER".PRODUCT_TBL (PDT_NUM,CG_CODE,PDT_NAME,PDT_PRICE,PDT_DISCOUNT,PDT_COMPANY,PDT_DETAIL,PDT_IMG,PDT_AMOUNT,PDT_BUY,PDT_DATE_SUB,PDT_DATE_UP) values (213,'9','테스트상품91',10000,10000,'flower','튤립','/2020/03/24/s_58c0d28f-c6d9-4bbe-8fd6-1b323328988d_Tulips.jpg',996,'Y',to_date('2020/03/24 11:14:06','YYYY/MM/DD HH24:MI:SS'),to_date('2020/03/24 11:14:06','YYYY/MM/DD HH24:MI:SS'));
Insert into "USER".PRODUCT_TBL (PDT_NUM,CG_CODE,PDT_NAME,PDT_PRICE,PDT_DISCOUNT,PDT_COMPANY,PDT_DETAIL,PDT_IMG,PDT_AMOUNT,PDT_BUY,PDT_DATE_SUB,PDT_DATE_UP) values (214,'9','테스트상품92',10000,10000,'flower','튤립','/2020/03/24/s_58c0d28f-c6d9-4bbe-8fd6-1b323328988d_Tulips.jpg',998,'Y',to_date('2020/03/24 11:14:06','YYYY/MM/DD HH24:MI:SS'),to_date('2020/03/24 11:14:06','YYYY/MM/DD HH24:MI:SS'));
Insert into "USER".PRODUCT_TBL (PDT_NUM,CG_CODE,PDT_NAME,PDT_PRICE,PDT_DISCOUNT,PDT_COMPANY,PDT_DETAIL,PDT_IMG,PDT_AMOUNT,PDT_BUY,PDT_DATE_SUB,PDT_DATE_UP) values (215,'9','테스트상품93',10000,10000,'flower','튤립','/2020/03/24/s_58c0d28f-c6d9-4bbe-8fd6-1b323328988d_Tulips.jpg',999,'Y',to_date('2020/03/24 11:14:06','YYYY/MM/DD HH24:MI:SS'),to_date('2020/03/24 11:14:06','YYYY/MM/DD HH24:MI:SS'));
Insert into "USER".PRODUCT_TBL (PDT_NUM,CG_CODE,PDT_NAME,PDT_PRICE,PDT_DISCOUNT,PDT_COMPANY,PDT_DETAIL,PDT_IMG,PDT_AMOUNT,PDT_BUY,PDT_DATE_SUB,PDT_DATE_UP) values (216,'9','테스트상품94',10000,10000,'flower','튤립','/2020/03/24/s_58c0d28f-c6d9-4bbe-8fd6-1b323328988d_Tulips.jpg',989,'Y',to_date('2020/03/24 11:14:06','YYYY/MM/DD HH24:MI:SS'),to_date('2020/03/24 11:14:06','YYYY/MM/DD HH24:MI:SS'));
Insert into "USER".PRODUCT_TBL (PDT_NUM,CG_CODE,PDT_NAME,PDT_PRICE,PDT_DISCOUNT,PDT_COMPANY,PDT_DETAIL,PDT_IMG,PDT_AMOUNT,PDT_BUY,PDT_DATE_SUB,PDT_DATE_UP) values (217,'9','테스트상품95',10000,10000,'flower','튤립','/2020/03/24/s_58c0d28f-c6d9-4bbe-8fd6-1b323328988d_Tulips.jpg',972,'Y',to_date('2020/03/24 11:14:06','YYYY/MM/DD HH24:MI:SS'),to_date('2020/03/24 11:14:06','YYYY/MM/DD HH24:MI:SS'));
Insert into "USER".PRODUCT_TBL (PDT_NUM,CG_CODE,PDT_NAME,PDT_PRICE,PDT_DISCOUNT,PDT_COMPANY,PDT_DETAIL,PDT_IMG,PDT_AMOUNT,PDT_BUY,PDT_DATE_SUB,PDT_DATE_UP) values (218,'9','테스트상품96',10000,10000,'flower','튤립','/2020/03/24/s_58c0d28f-c6d9-4bbe-8fd6-1b323328988d_Tulips.jpg',1000,'Y',to_date('2020/03/24 11:14:06','YYYY/MM/DD HH24:MI:SS'),to_date('2020/03/24 11:14:06','YYYY/MM/DD HH24:MI:SS'));
Insert into "USER".PRODUCT_TBL (PDT_NUM,CG_CODE,PDT_NAME,PDT_PRICE,PDT_DISCOUNT,PDT_COMPANY,PDT_DETAIL,PDT_IMG,PDT_AMOUNT,PDT_BUY,PDT_DATE_SUB,PDT_DATE_UP) values (219,'9','테스트상품97',10000,10000,'flower','튤립','/2020/03/24/s_58c0d28f-c6d9-4bbe-8fd6-1b323328988d_Tulips.jpg',1000,'Y',to_date('2020/03/24 11:14:06','YYYY/MM/DD HH24:MI:SS'),to_date('2020/03/24 11:14:06','YYYY/MM/DD HH24:MI:SS'));
Insert into "USER".PRODUCT_TBL (PDT_NUM,CG_CODE,PDT_NAME,PDT_PRICE,PDT_DISCOUNT,PDT_COMPANY,PDT_DETAIL,PDT_IMG,PDT_AMOUNT,PDT_BUY,PDT_DATE_SUB,PDT_DATE_UP) values (220,'9','테스트상품98',10000,10000,'flower','튤립','/2020/03/24/s_58c0d28f-c6d9-4bbe-8fd6-1b323328988d_Tulips.jpg',987,'Y',to_date('2020/03/24 11:14:06','YYYY/MM/DD HH24:MI:SS'),to_date('2020/03/24 11:14:06','YYYY/MM/DD HH24:MI:SS'));
Insert into "USER".PRODUCT_TBL (PDT_NUM,CG_CODE,PDT_NAME,PDT_PRICE,PDT_DISCOUNT,PDT_COMPANY,PDT_DETAIL,PDT_IMG,PDT_AMOUNT,PDT_BUY,PDT_DATE_SUB,PDT_DATE_UP) values (221,'9','테스트상품99',10000,10000,'flower','튤립','/2020/03/24/s_58c0d28f-c6d9-4bbe-8fd6-1b323328988d_Tulips.jpg',966,'Y',to_date('2020/03/24 11:14:06','YYYY/MM/DD HH24:MI:SS'),to_date('2020/03/24 11:14:06','YYYY/MM/DD HH24:MI:SS'));
Insert into "USER".PRODUCT_TBL (PDT_NUM,CG_CODE,PDT_NAME,PDT_PRICE,PDT_DISCOUNT,PDT_COMPANY,PDT_DETAIL,PDT_IMG,PDT_AMOUNT,PDT_BUY,PDT_DATE_SUB,PDT_DATE_UP) values (222,'9','테스트상품100',10000,10000,'flower','튤립','/2020/03/24/s_58c0d28f-c6d9-4bbe-8fd6-1b323328988d_Tulips.jpg',968,'Y',to_date('2020/03/24 11:14:06','YYYY/MM/DD HH24:MI:SS'),to_date('2020/03/24 11:14:06','YYYY/MM/DD HH24:MI:SS'));
REM INSERTING into "USER".REVIEW_TBL
SET DEFINE OFF;
Insert into "USER".REVIEW_TBL (RV_NUM,MEM_ID,PDT_NUM,RV_CONTENT,RV_SCORE,RV_DATE_REG) values (21,'tester',222,'상품후기2',1,to_date('2020/04/03 09:50:20','YYYY/MM/DD HH24:MI:SS'));
Insert into "USER".REVIEW_TBL (RV_NUM,MEM_ID,PDT_NUM,RV_CONTENT,RV_SCORE,RV_DATE_REG) values (26,'user0',222,'후기에요:)',4,to_date('2020/04/03 12:14:32','YYYY/MM/DD HH24:MI:SS'));
Insert into "USER".REVIEW_TBL (RV_NUM,MEM_ID,PDT_NUM,RV_CONTENT,RV_SCORE,RV_DATE_REG) values (44,'tester',222,'123',3,to_date('2020/04/03 12:16:42','YYYY/MM/DD HH24:MI:SS'));
Insert into "USER".REVIEW_TBL (RV_NUM,MEM_ID,PDT_NUM,RV_CONTENT,RV_SCORE,RV_DATE_REG) values (27,'user1',222,'후기에요:)',1,to_date('2020/04/03 12:14:32','YYYY/MM/DD HH24:MI:SS'));
Insert into "USER".REVIEW_TBL (RV_NUM,MEM_ID,PDT_NUM,RV_CONTENT,RV_SCORE,RV_DATE_REG) values (28,'tester',222,'후기에요:)',3,to_date('2020/04/03 12:14:32','YYYY/MM/DD HH24:MI:SS'));
Insert into "USER".REVIEW_TBL (RV_NUM,MEM_ID,PDT_NUM,RV_CONTENT,RV_SCORE,RV_DATE_REG) values (29,'user3',222,'후기에요:)',3,to_date('2020/04/03 12:14:32','YYYY/MM/DD HH24:MI:SS'));
Insert into "USER".REVIEW_TBL (RV_NUM,MEM_ID,PDT_NUM,RV_CONTENT,RV_SCORE,RV_DATE_REG) values (30,'user4',222,'후기에요:)',4,to_date('2020/04/03 12:14:32','YYYY/MM/DD HH24:MI:SS'));
Insert into "USER".REVIEW_TBL (RV_NUM,MEM_ID,PDT_NUM,RV_CONTENT,RV_SCORE,RV_DATE_REG) values (31,'user5',222,'후기에요:)',5,to_date('2020/04/03 12:14:32','YYYY/MM/DD HH24:MI:SS'));
Insert into "USER".REVIEW_TBL (RV_NUM,MEM_ID,PDT_NUM,RV_CONTENT,RV_SCORE,RV_DATE_REG) values (32,'user',222,'후기에요:)',1,to_date('2020/04/03 12:14:32','YYYY/MM/DD HH24:MI:SS'));
Insert into "USER".REVIEW_TBL (RV_NUM,MEM_ID,PDT_NUM,RV_CONTENT,RV_SCORE,RV_DATE_REG) values (33,'user2',222,'후기에요:)',3,to_date('2020/04/03 12:14:32','YYYY/MM/DD HH24:MI:SS'));
Insert into "USER".REVIEW_TBL (RV_NUM,MEM_ID,PDT_NUM,RV_CONTENT,RV_SCORE,RV_DATE_REG) values (34,'user3',222,'후기에요:)',4,to_date('2020/04/03 12:14:32','YYYY/MM/DD HH24:MI:SS'));
Insert into "USER".REVIEW_TBL (RV_NUM,MEM_ID,PDT_NUM,RV_CONTENT,RV_SCORE,RV_DATE_REG) values (35,'user5',222,'후기에요:)',4,to_date('2020/04/03 12:14:32','YYYY/MM/DD HH24:MI:SS'));
Insert into "USER".REVIEW_TBL (RV_NUM,MEM_ID,PDT_NUM,RV_CONTENT,RV_SCORE,RV_DATE_REG) values (36,'user',222,'후기에요:)',5,to_date('2020/04/03 12:14:32','YYYY/MM/DD HH24:MI:SS'));
Insert into "USER".REVIEW_TBL (RV_NUM,MEM_ID,PDT_NUM,RV_CONTENT,RV_SCORE,RV_DATE_REG) values (37,'user2',222,'후기에요:)',4,to_date('2020/04/03 12:14:32','YYYY/MM/DD HH24:MI:SS'));
Insert into "USER".REVIEW_TBL (RV_NUM,MEM_ID,PDT_NUM,RV_CONTENT,RV_SCORE,RV_DATE_REG) values (38,'user5',222,'후기에요:)',4,to_date('2020/04/03 12:14:32','YYYY/MM/DD HH24:MI:SS'));
Insert into "USER".REVIEW_TBL (RV_NUM,MEM_ID,PDT_NUM,RV_CONTENT,RV_SCORE,RV_DATE_REG) values (39,'user4',222,'후기에요:)',3,to_date('2020/04/03 12:14:32','YYYY/MM/DD HH24:MI:SS'));
Insert into "USER".REVIEW_TBL (RV_NUM,MEM_ID,PDT_NUM,RV_CONTENT,RV_SCORE,RV_DATE_REG) values (40,'user1',222,'후기에요:)',2,to_date('2020/04/03 12:14:32','YYYY/MM/DD HH24:MI:SS'));
Insert into "USER".REVIEW_TBL (RV_NUM,MEM_ID,PDT_NUM,RV_CONTENT,RV_SCORE,RV_DATE_REG) values (41,'user1',222,'후기에요:)',4,to_date('2020/04/03 12:14:32','YYYY/MM/DD HH24:MI:SS'));
Insert into "USER".REVIEW_TBL (RV_NUM,MEM_ID,PDT_NUM,RV_CONTENT,RV_SCORE,RV_DATE_REG) values (42,'user3',222,'후기에요:)',1,to_date('2020/04/03 12:14:32','YYYY/MM/DD HH24:MI:SS'));
Insert into "USER".REVIEW_TBL (RV_NUM,MEM_ID,PDT_NUM,RV_CONTENT,RV_SCORE,RV_DATE_REG) values (43,'user3',222,'후기에요:)',4,to_date('2020/04/03 12:14:32','YYYY/MM/DD HH24:MI:SS'));
Insert into "USER".REVIEW_TBL (RV_NUM,MEM_ID,PDT_NUM,RV_CONTENT,RV_SCORE,RV_DATE_REG) values (61,'tester',221,'좋아요!',4,to_date('2020/04/21 18:00:24','YYYY/MM/DD HH24:MI:SS'));
--------------------------------------------------------
--  DDL for Index SYS_C0015108
--------------------------------------------------------

  CREATE UNIQUE INDEX "USER"."SYS_C0015108" ON "USER"."ADMIN_TBL" ("ADMIN_ID") 
  PCTFREE 10 INITRANS 2 MAXTRANS 255 COMPUTE STATISTICS 
  STORAGE(INITIAL 65536 NEXT 1048576 MINEXTENTS 1 MAXEXTENTS 2147483645
  PCTINCREASE 0 FREELISTS 1 FREELIST GROUPS 1 BUFFER_POOL DEFAULT FLASH_CACHE DEFAULT CELL_FLASH_CACHE DEFAULT)
  TABLESPACE "SSOMALL" ;
--------------------------------------------------------
--  DDL for Index SYS_C0015076
--------------------------------------------------------

  CREATE UNIQUE INDEX "USER"."SYS_C0015076" ON "USER"."BOARD_TBL" ("BRD_NUM") 
  PCTFREE 10 INITRANS 2 MAXTRANS 255 COMPUTE STATISTICS 
  STORAGE(INITIAL 65536 NEXT 1048576 MINEXTENTS 1 MAXEXTENTS 2147483645
  PCTINCREASE 0 FREELISTS 1 FREELIST GROUPS 1 BUFFER_POOL DEFAULT FLASH_CACHE DEFAULT CELL_FLASH_CACHE DEFAULT)
  TABLESPACE "SSOMALL" ;
--------------------------------------------------------
--  DDL for Index SYS_C0015057
--------------------------------------------------------

  CREATE UNIQUE INDEX "USER"."SYS_C0015057" ON "USER"."CART_TBL" ("CART_CODE") 
  PCTFREE 10 INITRANS 2 MAXTRANS 255 COMPUTE STATISTICS 
  STORAGE(INITIAL 65536 NEXT 1048576 MINEXTENTS 1 MAXEXTENTS 2147483645
  PCTINCREASE 0 FREELISTS 1 FREELIST GROUPS 1 BUFFER_POOL DEFAULT FLASH_CACHE DEFAULT CELL_FLASH_CACHE DEFAULT)
  TABLESPACE "SSOMALL" ;
--------------------------------------------------------
--  DDL for Index SYS_C0015041
--------------------------------------------------------

  CREATE UNIQUE INDEX "USER"."SYS_C0015041" ON "USER"."CATEGORY_TBL" ("CG_CODE") 
  PCTFREE 10 INITRANS 2 MAXTRANS 255 COMPUTE STATISTICS 
  STORAGE(INITIAL 65536 NEXT 1048576 MINEXTENTS 1 MAXEXTENTS 2147483645
  PCTINCREASE 0 FREELISTS 1 FREELIST GROUPS 1 BUFFER_POOL DEFAULT FLASH_CACHE DEFAULT CELL_FLASH_CACHE DEFAULT)
  TABLESPACE "SSOMALL" ;
--------------------------------------------------------
--  DDL for Index SYS_C0015038
--------------------------------------------------------

  CREATE UNIQUE INDEX "USER"."SYS_C0015038" ON "USER"."MEMBER_TBL" ("MEM_ID") 
  PCTFREE 10 INITRANS 2 MAXTRANS 255 COMPUTE STATISTICS 
  STORAGE(INITIAL 65536 NEXT 1048576 MINEXTENTS 1 MAXEXTENTS 2147483645
  PCTINCREASE 0 FREELISTS 1 FREELIST GROUPS 1 BUFFER_POOL DEFAULT FLASH_CACHE DEFAULT CELL_FLASH_CACHE DEFAULT)
  TABLESPACE "SSOMALL" ;
--------------------------------------------------------
--  DDL for Index SYS_C0015039
--------------------------------------------------------

  CREATE UNIQUE INDEX "USER"."SYS_C0015039" ON "USER"."MEMBER_TBL" ("MEM_NICK") 
  PCTFREE 10 INITRANS 2 MAXTRANS 255 COMPUTE STATISTICS 
  STORAGE(INITIAL 65536 NEXT 1048576 MINEXTENTS 1 MAXEXTENTS 2147483645
  PCTINCREASE 0 FREELISTS 1 FREELIST GROUPS 1 BUFFER_POOL DEFAULT FLASH_CACHE DEFAULT CELL_FLASH_CACHE DEFAULT)
  TABLESPACE "SSOMALL" ;
--------------------------------------------------------
--  DDL for Index SYS_C0015071
--------------------------------------------------------

  CREATE UNIQUE INDEX "USER"."SYS_C0015071" ON "USER"."ORDER_DETAIL_TBL" ("ODR_CODE", "PDT_NUM") 
  PCTFREE 10 INITRANS 2 MAXTRANS 255 COMPUTE STATISTICS 
  STORAGE(INITIAL 65536 NEXT 1048576 MINEXTENTS 1 MAXEXTENTS 2147483645
  PCTINCREASE 0 FREELISTS 1 FREELIST GROUPS 1 BUFFER_POOL DEFAULT FLASH_CACHE DEFAULT CELL_FLASH_CACHE DEFAULT)
  TABLESPACE "SSOMALL" ;
--------------------------------------------------------
--  DDL for Index SYS_C0015066
--------------------------------------------------------

  CREATE UNIQUE INDEX "USER"."SYS_C0015066" ON "USER"."ORDER_TBL" ("ODR_CODE") 
  PCTFREE 10 INITRANS 2 MAXTRANS 255 COMPUTE STATISTICS 
  STORAGE(INITIAL 65536 NEXT 1048576 MINEXTENTS 1 MAXEXTENTS 2147483645
  PCTINCREASE 0 FREELISTS 1 FREELIST GROUPS 1 BUFFER_POOL DEFAULT FLASH_CACHE DEFAULT CELL_FLASH_CACHE DEFAULT)
  TABLESPACE "SSOMALL" ;
--------------------------------------------------------
--  DDL for Index SYS_C0015053
--------------------------------------------------------

  CREATE UNIQUE INDEX "USER"."SYS_C0015053" ON "USER"."PRODUCT_TBL" ("PDT_NUM") 
  PCTFREE 10 INITRANS 2 MAXTRANS 255 COMPUTE STATISTICS 
  STORAGE(INITIAL 65536 NEXT 1048576 MINEXTENTS 1 MAXEXTENTS 2147483645
  PCTINCREASE 0 FREELISTS 1 FREELIST GROUPS 1 BUFFER_POOL DEFAULT FLASH_CACHE DEFAULT CELL_FLASH_CACHE DEFAULT)
  TABLESPACE "SSOMALL" ;
--------------------------------------------------------
--  DDL for Index SYS_C0015082
--------------------------------------------------------

  CREATE UNIQUE INDEX "USER"."SYS_C0015082" ON "USER"."REVIEW_TBL" ("RV_NUM") 
  PCTFREE 10 INITRANS 2 MAXTRANS 255 COMPUTE STATISTICS 
  STORAGE(INITIAL 65536 NEXT 1048576 MINEXTENTS 1 MAXEXTENTS 2147483645
  PCTINCREASE 0 FREELISTS 1 FREELIST GROUPS 1 BUFFER_POOL DEFAULT FLASH_CACHE DEFAULT CELL_FLASH_CACHE DEFAULT)
  TABLESPACE "SSOMALL" ;
--------------------------------------------------------
--  DDL for Trigger TRG_ORDER
--------------------------------------------------------

  CREATE OR REPLACE TRIGGER "USER"."TRG_ORDER" 
   AFTER INSERT 
   ON order_detail_tbl
   FOR EACH ROW 
DECLARE
   v_odr_amount NUMBER;
   v_pdt_num NVARCHAR2(50);
BEGIN
   DBMS_OUTPUT.PUT_LINE('trg_order를 실행합니다.');
   -- 사용자가 입력한 구매 수량을 v_orderAmount에 저장
   SELECT :NEW.odr_amount INTO v_odr_amount FROM DUAL;
   -- 사용자가 구매한 물품명을 v_prodName에 저장
   SELECT :NEW.pdt_num INTO v_pdt_num FROM DUAL;
   -- 주문 수량만큼 수량 감소
   UPDATE product_tbl SET pdt_amount = pdt_amount - v_odr_amount 
       WHERE pdt_num = v_pdt_num ;
END;
/
ALTER TRIGGER "USER"."TRG_ORDER" ENABLE;
--------------------------------------------------------
--  Constraints for Table ADMIN_TBL
--------------------------------------------------------

  ALTER TABLE "USER"."ADMIN_TBL" MODIFY ("ADMIN_PW" NOT NULL ENABLE);
 
  ALTER TABLE "USER"."ADMIN_TBL" MODIFY ("ADMIN_NAME" NOT NULL ENABLE);
 
  ALTER TABLE "USER"."ADMIN_TBL" MODIFY ("ADMIN_DATE_LATE" NOT NULL ENABLE);
 
  ALTER TABLE "USER"."ADMIN_TBL" ADD PRIMARY KEY ("ADMIN_ID")
  USING INDEX PCTFREE 10 INITRANS 2 MAXTRANS 255 COMPUTE STATISTICS 
  STORAGE(INITIAL 65536 NEXT 1048576 MINEXTENTS 1 MAXEXTENTS 2147483645
  PCTINCREASE 0 FREELISTS 1 FREELIST GROUPS 1 BUFFER_POOL DEFAULT FLASH_CACHE DEFAULT CELL_FLASH_CACHE DEFAULT)
  TABLESPACE "SSOMALL"  ENABLE;
--------------------------------------------------------
--  Constraints for Table BOARD_TBL
--------------------------------------------------------

  ALTER TABLE "USER"."BOARD_TBL" MODIFY ("MEM_ID" NOT NULL ENABLE);
 
  ALTER TABLE "USER"."BOARD_TBL" MODIFY ("BRD_TITLE" NOT NULL ENABLE);
 
  ALTER TABLE "USER"."BOARD_TBL" MODIFY ("BRD_CONTENT" NOT NULL ENABLE);
 
  ALTER TABLE "USER"."BOARD_TBL" MODIFY ("BRD_DATE_REG" NOT NULL ENABLE);
 
  ALTER TABLE "USER"."BOARD_TBL" ADD PRIMARY KEY ("BRD_NUM")
  USING INDEX PCTFREE 10 INITRANS 2 MAXTRANS 255 COMPUTE STATISTICS 
  STORAGE(INITIAL 65536 NEXT 1048576 MINEXTENTS 1 MAXEXTENTS 2147483645
  PCTINCREASE 0 FREELISTS 1 FREELIST GROUPS 1 BUFFER_POOL DEFAULT FLASH_CACHE DEFAULT CELL_FLASH_CACHE DEFAULT)
  TABLESPACE "SSOMALL"  ENABLE;
 
  ALTER TABLE "USER"."BOARD_TBL" MODIFY ("BRD_GROUP" NOT NULL ENABLE);
 
  ALTER TABLE "USER"."BOARD_TBL" MODIFY ("BRD_ORDER" NOT NULL ENABLE);
 
  ALTER TABLE "USER"."BOARD_TBL" MODIFY ("BRD_LEVEL" NOT NULL ENABLE);
 
  ALTER TABLE "USER"."BOARD_TBL" MODIFY ("BRD_COUNT" NOT NULL ENABLE);
 
  ALTER TABLE "USER"."BOARD_TBL" MODIFY ("BRD_IS_DEL" NOT NULL ENABLE);
--------------------------------------------------------
--  Constraints for Table CART_TBL
--------------------------------------------------------

  ALTER TABLE "USER"."CART_TBL" MODIFY ("PDT_NUM" NOT NULL ENABLE);
 
  ALTER TABLE "USER"."CART_TBL" MODIFY ("MEM_ID" NOT NULL ENABLE);
 
  ALTER TABLE "USER"."CART_TBL" MODIFY ("CART_AMOUNT" NOT NULL ENABLE);
 
  ALTER TABLE "USER"."CART_TBL" ADD PRIMARY KEY ("CART_CODE")
  USING INDEX PCTFREE 10 INITRANS 2 MAXTRANS 255 COMPUTE STATISTICS 
  STORAGE(INITIAL 65536 NEXT 1048576 MINEXTENTS 1 MAXEXTENTS 2147483645
  PCTINCREASE 0 FREELISTS 1 FREELIST GROUPS 1 BUFFER_POOL DEFAULT FLASH_CACHE DEFAULT CELL_FLASH_CACHE DEFAULT)
  TABLESPACE "SSOMALL"  ENABLE;
--------------------------------------------------------
--  Constraints for Table CATEGORY_TBL
--------------------------------------------------------

  ALTER TABLE "USER"."CATEGORY_TBL" MODIFY ("CG_NAME" NOT NULL ENABLE);
 
  ALTER TABLE "USER"."CATEGORY_TBL" ADD PRIMARY KEY ("CG_CODE")
  USING INDEX PCTFREE 10 INITRANS 2 MAXTRANS 255 COMPUTE STATISTICS 
  STORAGE(INITIAL 65536 NEXT 1048576 MINEXTENTS 1 MAXEXTENTS 2147483645
  PCTINCREASE 0 FREELISTS 1 FREELIST GROUPS 1 BUFFER_POOL DEFAULT FLASH_CACHE DEFAULT CELL_FLASH_CACHE DEFAULT)
  TABLESPACE "SSOMALL"  ENABLE;
--------------------------------------------------------
--  Constraints for Table MEMBER_TBL
--------------------------------------------------------

  ALTER TABLE "USER"."MEMBER_TBL" MODIFY ("MEM_NAME" NOT NULL ENABLE);
 
  ALTER TABLE "USER"."MEMBER_TBL" MODIFY ("MEM_PW" NOT NULL ENABLE);
 
  ALTER TABLE "USER"."MEMBER_TBL" MODIFY ("MEM_EMAIL" NOT NULL ENABLE);
 
  ALTER TABLE "USER"."MEMBER_TBL" MODIFY ("MEM_ZIPCODE" NOT NULL ENABLE);
 
  ALTER TABLE "USER"."MEMBER_TBL" MODIFY ("MEM_ADDR" NOT NULL ENABLE);
 
  ALTER TABLE "USER"."MEMBER_TBL" MODIFY ("MEM_ADDR_D" NOT NULL ENABLE);
 
  ALTER TABLE "USER"."MEMBER_TBL" MODIFY ("MEM_PHONE" NOT NULL ENABLE);
 
  ALTER TABLE "USER"."MEMBER_TBL" MODIFY ("MEM_NICK" NOT NULL ENABLE);
 
  ALTER TABLE "USER"."MEMBER_TBL" MODIFY ("MEM_ACCEPT_E" NOT NULL ENABLE);
 
  ALTER TABLE "USER"."MEMBER_TBL" MODIFY ("MEM_POINT" NOT NULL ENABLE);
 
  ALTER TABLE "USER"."MEMBER_TBL" MODIFY ("MEM_DATE_SUB" NOT NULL ENABLE);
 
  ALTER TABLE "USER"."MEMBER_TBL" MODIFY ("MEM_DATE_UP" NOT NULL ENABLE);
 
  ALTER TABLE "USER"."MEMBER_TBL" MODIFY ("MEM_DATE_LAST" NOT NULL ENABLE);
 
  ALTER TABLE "USER"."MEMBER_TBL" ADD PRIMARY KEY ("MEM_ID")
  USING INDEX PCTFREE 10 INITRANS 2 MAXTRANS 255 COMPUTE STATISTICS 
  STORAGE(INITIAL 65536 NEXT 1048576 MINEXTENTS 1 MAXEXTENTS 2147483645
  PCTINCREASE 0 FREELISTS 1 FREELIST GROUPS 1 BUFFER_POOL DEFAULT FLASH_CACHE DEFAULT CELL_FLASH_CACHE DEFAULT)
  TABLESPACE "SSOMALL"  ENABLE;
 
  ALTER TABLE "USER"."MEMBER_TBL" ADD UNIQUE ("MEM_NICK")
  USING INDEX PCTFREE 10 INITRANS 2 MAXTRANS 255 COMPUTE STATISTICS 
  STORAGE(INITIAL 65536 NEXT 1048576 MINEXTENTS 1 MAXEXTENTS 2147483645
  PCTINCREASE 0 FREELISTS 1 FREELIST GROUPS 1 BUFFER_POOL DEFAULT FLASH_CACHE DEFAULT CELL_FLASH_CACHE DEFAULT)
  TABLESPACE "SSOMALL"  ENABLE;
 
  ALTER TABLE "USER"."MEMBER_TBL" MODIFY ("MEM_AUTHCODE" NOT NULL ENABLE);
 
  ALTER TABLE "USER"."MEMBER_TBL" MODIFY ("MEM_SESSION_KEY" NOT NULL ENABLE);
--------------------------------------------------------
--  Constraints for Table ORDER_DETAIL_TBL
--------------------------------------------------------

  ALTER TABLE "USER"."ORDER_DETAIL_TBL" MODIFY ("ODR_CODE" NOT NULL ENABLE);
 
  ALTER TABLE "USER"."ORDER_DETAIL_TBL" MODIFY ("PDT_NUM" NOT NULL ENABLE);
 
  ALTER TABLE "USER"."ORDER_DETAIL_TBL" MODIFY ("ODR_AMOUNT" NOT NULL ENABLE);
 
  ALTER TABLE "USER"."ORDER_DETAIL_TBL" MODIFY ("ODR_PRICE" NOT NULL ENABLE);
 
  ALTER TABLE "USER"."ORDER_DETAIL_TBL" ADD PRIMARY KEY ("ODR_CODE", "PDT_NUM")
  USING INDEX PCTFREE 10 INITRANS 2 MAXTRANS 255 COMPUTE STATISTICS 
  STORAGE(INITIAL 65536 NEXT 1048576 MINEXTENTS 1 MAXEXTENTS 2147483645
  PCTINCREASE 0 FREELISTS 1 FREELIST GROUPS 1 BUFFER_POOL DEFAULT FLASH_CACHE DEFAULT CELL_FLASH_CACHE DEFAULT)
  TABLESPACE "SSOMALL"  ENABLE;
 
  ALTER TABLE "USER"."ORDER_DETAIL_TBL" MODIFY ("ODR_STATUS" NOT NULL ENABLE);
--------------------------------------------------------
--  Constraints for Table ORDER_TBL
--------------------------------------------------------

  ALTER TABLE "USER"."ORDER_TBL" MODIFY ("MEM_ID" NOT NULL ENABLE);
 
  ALTER TABLE "USER"."ORDER_TBL" MODIFY ("ODR_NAME" NOT NULL ENABLE);
 
  ALTER TABLE "USER"."ORDER_TBL" MODIFY ("ODR_ZIPCODE" NOT NULL ENABLE);
 
  ALTER TABLE "USER"."ORDER_TBL" MODIFY ("ODR_ADDR" NOT NULL ENABLE);
 
  ALTER TABLE "USER"."ORDER_TBL" MODIFY ("ODR_ADDR_D" NOT NULL ENABLE);
 
  ALTER TABLE "USER"."ORDER_TBL" MODIFY ("ODR_PHONE" NOT NULL ENABLE);
 
  ALTER TABLE "USER"."ORDER_TBL" MODIFY ("ODR_TOTAL_PRICE" NOT NULL ENABLE);
 
  ALTER TABLE "USER"."ORDER_TBL" MODIFY ("ODR_DATE" NOT NULL ENABLE);
 
  ALTER TABLE "USER"."ORDER_TBL" ADD PRIMARY KEY ("ODR_CODE")
  USING INDEX PCTFREE 10 INITRANS 2 MAXTRANS 255 COMPUTE STATISTICS 
  STORAGE(INITIAL 65536 NEXT 1048576 MINEXTENTS 1 MAXEXTENTS 2147483645
  PCTINCREASE 0 FREELISTS 1 FREELIST GROUPS 1 BUFFER_POOL DEFAULT FLASH_CACHE DEFAULT CELL_FLASH_CACHE DEFAULT)
  TABLESPACE "SSOMALL"  ENABLE;
--------------------------------------------------------
--  Constraints for Table PRODUCT_TBL
--------------------------------------------------------

  ALTER TABLE "USER"."PRODUCT_TBL" MODIFY ("CG_CODE" NOT NULL ENABLE);
 
  ALTER TABLE "USER"."PRODUCT_TBL" MODIFY ("PDT_NAME" NOT NULL ENABLE);
 
  ALTER TABLE "USER"."PRODUCT_TBL" MODIFY ("PDT_PRICE" NOT NULL ENABLE);
 
  ALTER TABLE "USER"."PRODUCT_TBL" MODIFY ("PDT_DISCOUNT" NOT NULL ENABLE);
 
  ALTER TABLE "USER"."PRODUCT_TBL" MODIFY ("PDT_COMPANY" NOT NULL ENABLE);
 
  ALTER TABLE "USER"."PRODUCT_TBL" MODIFY ("PDT_DETAIL" NOT NULL ENABLE);
 
  ALTER TABLE "USER"."PRODUCT_TBL" MODIFY ("PDT_IMG" NOT NULL ENABLE);
 
  ALTER TABLE "USER"."PRODUCT_TBL" MODIFY ("PDT_AMOUNT" NOT NULL ENABLE);
 
  ALTER TABLE "USER"."PRODUCT_TBL" MODIFY ("PDT_BUY" NOT NULL ENABLE);
 
  ALTER TABLE "USER"."PRODUCT_TBL" MODIFY ("PDT_DATE_SUB" NOT NULL ENABLE);
 
  ALTER TABLE "USER"."PRODUCT_TBL" MODIFY ("PDT_DATE_UP" NOT NULL ENABLE);
 
  ALTER TABLE "USER"."PRODUCT_TBL" ADD PRIMARY KEY ("PDT_NUM")
  USING INDEX PCTFREE 10 INITRANS 2 MAXTRANS 255 COMPUTE STATISTICS 
  STORAGE(INITIAL 65536 NEXT 1048576 MINEXTENTS 1 MAXEXTENTS 2147483645
  PCTINCREASE 0 FREELISTS 1 FREELIST GROUPS 1 BUFFER_POOL DEFAULT FLASH_CACHE DEFAULT CELL_FLASH_CACHE DEFAULT)
  TABLESPACE "SSOMALL"  ENABLE;
--------------------------------------------------------
--  Constraints for Table REVIEW_TBL
--------------------------------------------------------

  ALTER TABLE "USER"."REVIEW_TBL" MODIFY ("MEM_ID" NOT NULL ENABLE);
 
  ALTER TABLE "USER"."REVIEW_TBL" MODIFY ("PDT_NUM" NOT NULL ENABLE);
 
  ALTER TABLE "USER"."REVIEW_TBL" MODIFY ("RV_CONTENT" NOT NULL ENABLE);
 
  ALTER TABLE "USER"."REVIEW_TBL" MODIFY ("RV_SCORE" NOT NULL ENABLE);
 
  ALTER TABLE "USER"."REVIEW_TBL" MODIFY ("RV_DATE_REG" NOT NULL ENABLE);
 
  ALTER TABLE "USER"."REVIEW_TBL" ADD PRIMARY KEY ("RV_NUM")
  USING INDEX PCTFREE 10 INITRANS 2 MAXTRANS 255 COMPUTE STATISTICS 
  STORAGE(INITIAL 65536 NEXT 1048576 MINEXTENTS 1 MAXEXTENTS 2147483645
  PCTINCREASE 0 FREELISTS 1 FREELIST GROUPS 1 BUFFER_POOL DEFAULT FLASH_CACHE DEFAULT CELL_FLASH_CACHE DEFAULT)
  TABLESPACE "SSOMALL"  ENABLE;
